Customer_ID,Join_Date,Segment,City
CUST1,2022-04-13,Consumer,Kolkata
CUST2,2023-03-12,Consumer,Bangalore
CUST3,2024-05-10,Corporate,Delhi
CUST4,2022-09-28,Corporate,Delhi
CUST5,2022-04-17,Consumer,Chennai
CUST6,2022-03-13,Corporate,Chennai
CUST7,2023-12-02,Consumer,Delhi
CUST8,2022-01-21,Consumer,Kolkata
CUST9,2023-09-07,Consumer,Delhi
CUST10,2022-05-02,Consumer,Mumbai
CUST11,2023-04-12,Consumer,Bangalore
CUST12,2022-08-03,Corporate,Kolkata
CUST13,2022-11-27,Consumer,Mumbai
CUST14,2023-04-04,Consumer,Kolkata
CUST15,2022-03-29,Consumer,Mumbai
CUST16,2023-01-08,Corporate,Bangalore
CUST17,2022-04-10,Corporate,Bangalore
CUST18,2024-05-21,Consumer,Chennai
CUST19,2023-10-26,Corporate,Mumbai
CUST20,2022-05-11,Consumer,Chennai
CUST21,2023-10-24,Corporate,Mumbai
CUST22,2022-11-05,Consumer,Chennai
CUST23,2024-02-09,Corporate,Bangalore
CUST24,2022-12-10,Consumer,Kolkata
CUST25,2023-05-07,Consumer,Chennai
CUST26,2023-02-18,Corporate,Mumbai
CUST27,2024-03-16,Consumer,Mumbai
CUST28,2023-01-21,Consumer,Bangalore
CUST29,2022-07-11,Consumer,Mumbai
CUST30,2022-10-04,Consumer,Delhi
CUST31,2022-06-10,Consumer,Kolkata
CUST32,2023-04-05,Consumer,Chennai
CUST33,2022-11-10,Consumer,Kolkata
CUST34,2022-01-22,Consumer,Bangalore
CUST35,2022-09-10,Corporate,Chennai
CUST36,2024-01-18,Consumer,Chennai
CUST37,2024-05-06,Consumer,Delhi
CUST38,2023-07-15,Consumer,Bangalore
CUST39,2023-04-20,Consumer,Mumbai
CUST40,2022-02-28,Corporate,Delhi
CUST41,2023-05-26,Consumer,Delhi
CUST42,2023-11-13,Consumer,Kolkata
CUST43,2023-04-21,Corporate,Kolkata
CUST44,2023-12-01,Corporate,Kolkata
CUST45,2024-02-22,Consumer,Delhi
CUST46,2022-07-09,Corporate,Mumbai
CUST47,2023-11-18,Corporate,Chennai
CUST48,2023-07-17,Consumer,Kolkata
CUST49,2024-05-25,Corporate,Mumbai
CUST50,2023-07-21,Corporate,Bangalore
CUST51,2022-09-01,Consumer,Kolkata
CUST52,2024-04-11,Consumer,Chennai
CUST53,2023-05-20,Consumer,Bangalore
CUST54,2022-05-11,Corporate,Bangalore
CUST55,2023-04-30,Corporate,Chennai
CUST56,2024-03-29,Consumer,Kolkata
CUST57,2023-10-09,Consumer,Delhi
CUST58,2022-01-21,Consumer,Chennai
CUST59,2024-04-20,Consumer,Chennai
CUST60,2022-06-16,Consumer,Chennai
CUST61,2022-10-01,Consumer,Bangalore
CUST62,2023-01-23,Corporate,Mumbai
CUST63,2023-08-24,Consumer,Delhi
CUST64,2022-11-12,Corporate,Kolkata
CUST65,2022-01-14,Consumer,Kolkata
CUST66,2022-08-30,Consumer,Mumbai
CUST67,2024-02-16,Consumer,Chennai
CUST68,2022-12-12,Consumer,Delhi
CUST69,2023-07-19,Corporate,Kolkata
CUST70,2024-06-16,Consumer,Kolkata
CUST71,2022-12-06,Corporate,Chennai
CUST72,2022-04-02,Consumer,Mumbai
CUST73,2023-01-02,Corporate,Delhi
CUST74,2023-03-31,Consumer,Mumbai
CUST75,2023-03-04,Corporate,Mumbai
CUST76,2023-05-24,Corporate,Delhi
CUST77,2024-02-15,Consumer,Delhi
CUST78,2022-02-04,Consumer,Kolkata
CUST79,2022-07-25,Corporate,Kolkata
CUST80,2022-03-22,Corporate,Delhi
CUST81,2023-07-16,Consumer,Bangalore
CUST82,2024-05-21,Corporate,Kolkata
CUST83,2023-01-23,Corporate,Bangalore
CUST84,2022-01-02,Corporate,Delhi
CUST85,2023-01-25,Corporate,Kolkata
CUST86,2023-07-20,Corporate,Mumbai
CUST87,2022-04-16,Consumer,Delhi
CUST88,2024-02-11,Consumer,Chennai
CUST89,2024-04-01,Consumer,Bangalore
CUST90,2023-04-22,Corporate,Delhi
CUST91,2023-12-04,Corporate,Delhi
CUST92,2023-02-06,Consumer,Kolkata
CUST93,2023-12-31,Corporate,Kolkata
CUST94,2023-07-10,Corporate,Kolkata
CUST95,2022-06-11,Consumer,Chennai
CUST96,2022-07-21,Consumer,Kolkata
CUST97,2022-09-27,Consumer,Delhi
CUST98,2024-05-12,Consumer,Kolkata
CUST99,2024-03-26,Consumer,Mumbai
CUST100,2022-09-28,Consumer,Kolkata
CUST101,2023-04-01,Consumer,Chennai
CUST102,2023-04-07,Consumer,Mumbai
CUST103,2023-12-28,Consumer,Delhi
CUST104,2022-09-09,Consumer,Delhi
CUST105,2023-12-03,Corporate,Bangalore
CUST106,2022-10-23,Consumer,Mumbai
CUST107,2023-12-26,Corporate,Bangalore
CUST108,2023-12-21,Corporate,Mumbai
CUST109,2024-01-19,Consumer,Mumbai
CUST110,2022-12-04,Consumer,Chennai
CUST111,2024-05-28,Consumer,Bangalore
CUST112,2022-02-22,Consumer,Chennai
CUST113,2024-03-02,Consumer,Mumbai
CUST114,2022-08-05,Consumer,Delhi
CUST115,2024-02-03,Consumer,Mumbai
CUST116,2022-07-07,Consumer,Chennai
CUST117,2023-01-15,Consumer,Bangalore
CUST118,2023-05-08,Consumer,Bangalore
CUST119,2022-02-10,Consumer,Chennai
CUST120,2022-06-06,Consumer,Bangalore
CUST121,2022-01-15,Consumer,Kolkata
CUST122,2024-03-23,Corporate,Delhi
CUST123,2022-03-06,Consumer,Delhi
CUST124,2024-05-06,Consumer,Delhi
CUST125,2024-04-18,Consumer,Bangalore
CUST126,2023-06-05,Consumer,Bangalore
CUST127,2022-12-10,Corporate,Mumbai
CUST128,2022-05-09,Corporate,Mumbai
CUST129,2023-10-10,Consumer,Delhi
CUST130,2023-04-17,Corporate,Kolkata
CUST131,2022-03-04,Corporate,Mumbai
CUST132,2022-05-19,Corporate,Mumbai
CUST133,2023-05-14,Corporate,Bangalore
CUST134,2023-08-16,Corporate,Kolkata
CUST135,2023-01-27,Consumer,Delhi
CUST136,2023-11-06,Consumer,Mumbai
CUST137,2023-02-23,Consumer,Kolkata
CUST138,2022-10-16,Consumer,Kolkata
CUST139,2023-01-14,Consumer,Delhi
CUST140,2024-02-12,Consumer,Kolkata
CUST141,2023-05-05,Consumer,Kolkata
CUST142,2022-08-19,Corporate,Kolkata
CUST143,2022-02-10,Corporate,Mumbai
CUST144,2022-01-28,Consumer,Delhi
CUST145,2022-05-15,Consumer,Kolkata
CUST146,2022-07-20,Corporate,Kolkata
CUST147,2024-04-19,Consumer,Mumbai
CUST148,2024-02-19,Corporate,Delhi
CUST149,2022-02-02,Consumer,Bangalore
CUST150,2022-02-17,Consumer,Mumbai
CUST151,2023-05-18,Corporate,Delhi
CUST152,2023-02-11,Consumer,Kolkata
CUST153,2023-07-28,Consumer,Delhi
CUST154,2023-12-29,Corporate,Delhi
CUST155,2024-03-15,Consumer,Delhi
CUST156,2022-04-09,Consumer,Bangalore
CUST157,2023-11-15,Corporate,Delhi
CUST158,2024-05-21,Consumer,Bangalore
CUST159,2023-12-27,Corporate,Kolkata
CUST160,2023-07-01,Consumer,Bangalore
CUST161,2024-01-09,Consumer,Kolkata
CUST162,2023-09-05,Consumer,Kolkata
CUST163,2023-04-07,Consumer,Bangalore
CUST164,2023-10-05,Corporate,Mumbai
CUST165,2024-02-08,Corporate,Chennai
CUST166,2022-01-05,Consumer,Delhi
CUST167,2022-08-06,Corporate,Chennai
CUST168,2023-05-18,Consumer,Delhi
CUST169,2024-02-06,Consumer,Delhi
CUST170,2023-02-02,Consumer,Kolkata
CUST171,2024-05-20,Consumer,Delhi
CUST172,2024-03-05,Consumer,Delhi
CUST173,2023-01-28,Corporate,Bangalore
CUST174,2022-07-26,Consumer,Chennai
CUST175,2022-01-15,Consumer,Bangalore
CUST176,2024-05-07,Consumer,Delhi
CUST177,2023-07-08,Consumer,Kolkata
CUST178,2024-06-10,Corporate,Bangalore
CUST179,2023-04-06,Consumer,Bangalore
CUST180,2023-11-22,Consumer,Mumbai
CUST181,2023-07-29,Consumer,Delhi
CUST182,2024-05-13,Consumer,Kolkata
CUST183,2024-01-13,Consumer,Bangalore
CUST184,2022-08-29,Consumer,Bangalore
CUST185,2023-07-18,Corporate,Kolkata
CUST186,2022-04-06,Corporate,Delhi
CUST187,2024-06-18,Consumer,Mumbai
CUST188,2024-01-04,Consumer,Bangalore
CUST189,2023-04-30,Consumer,Mumbai
CUST190,2023-02-11,Consumer,Chennai
CUST191,2022-08-19,Consumer,Delhi
CUST192,2024-01-19,Consumer,Chennai
CUST193,2023-10-17,Consumer,Chennai
CUST194,2022-06-20,Consumer,Chennai
CUST195,2023-06-25,Consumer,Delhi
CUST196,2022-02-05,Consumer,Delhi
CUST197,2023-06-09,Consumer,Kolkata
CUST198,2022-06-09,Consumer,Mumbai
CUST199,2024-04-18,Consumer,Mumbai
CUST200,2023-11-30,Corporate,Kolkata
CUST201,2022-08-31,Consumer,Kolkata
CUST202,2022-03-27,Corporate,Chennai
CUST203,2024-03-06,Consumer,Kolkata
CUST204,2023-08-01,Corporate,Bangalore
CUST205,2023-11-13,Consumer,Mumbai
CUST206,2023-07-11,Corporate,Kolkata
CUST207,2023-07-28,Corporate,Bangalore
CUST208,2023-10-08,Consumer,Bangalore
CUST209,2024-03-06,Consumer,Bangalore
CUST210,2022-01-28,Consumer,Bangalore
CUST211,2023-09-12,Consumer,Chennai
CUST212,2023-07-10,Consumer,Bangalore
CUST213,2022-12-06,Consumer,Chennai
CUST214,2024-03-08,Consumer,Chennai
CUST215,2022-11-27,Consumer,Bangalore
CUST216,2023-10-02,Corporate,Mumbai
CUST217,2023-05-21,Consumer,Bangalore
CUST218,2022-12-14,Corporate,Bangalore
CUST219,2023-04-18,Consumer,Bangalore
CUST220,2022-08-19,Consumer,Mumbai
CUST221,2022-07-09,Consumer,Delhi
CUST222,2022-08-13,Consumer,Delhi
CUST223,2023-01-20,Corporate,Chennai
CUST224,2023-01-12,Consumer,Chennai
CUST225,2022-10-10,Corporate,Mumbai
CUST226,2023-09-25,Consumer,Kolkata
CUST227,2023-09-20,Consumer,Delhi
CUST228,2024-01-15,Consumer,Chennai
CUST229,2022-09-16,Consumer,Delhi
CUST230,2022-12-25,Consumer,Mumbai
CUST231,2023-12-11,Consumer,Mumbai
CUST232,2023-04-01,Consumer,Kolkata
CUST233,2023-02-15,Consumer,Kolkata
CUST234,2023-10-11,Consumer,Mumbai
CUST235,2022-11-14,Consumer,Chennai
CUST236,2023-11-08,Consumer,Delhi
CUST237,2022-08-13,Consumer,Bangalore
CUST238,2024-03-29,Consumer,Kolkata
CUST239,2022-08-22,Consumer,Bangalore
CUST240,2023-11-15,Consumer,Chennai
CUST241,2023-10-26,Consumer,Kolkata
CUST242,2024-04-06,Consumer,Bangalore
CUST243,2023-01-09,Corporate,Chennai
CUST244,2023-11-03,Consumer,Delhi
CUST245,2023-08-31,Consumer,Chennai
CUST246,2023-04-17,Consumer,Kolkata
CUST247,2022-08-21,Consumer,Mumbai
CUST248,2023-11-23,Consumer,Delhi
CUST249,2022-04-23,Consumer,Bangalore
CUST250,2024-04-09,Corporate,Kolkata
CUST251,2023-05-12,Consumer,Mumbai
CUST252,2023-03-18,Consumer,Chennai
CUST253,2023-07-18,Consumer,Mumbai
CUST254,2022-09-25,Consumer,Kolkata
CUST255,2023-05-25,Consumer,Kolkata
CUST256,2024-03-17,Consumer,Mumbai
CUST257,2023-01-21,Consumer,Chennai
CUST258,2023-01-22,Corporate,Mumbai
CUST259,2022-04-23,Consumer,Kolkata
CUST260,2023-09-05,Consumer,Kolkata
CUST261,2023-09-17,Consumer,Bangalore
CUST262,2022-03-22,Consumer,Bangalore
CUST263,2023-11-30,Consumer,Delhi
CUST264,2022-04-23,Consumer,Kolkata
CUST265,2022-01-02,Corporate,Bangalore
CUST266,2023-10-04,Corporate,Mumbai
CUST267,2022-08-08,Consumer,Chennai
CUST268,2023-07-20,Corporate,Mumbai
CUST269,2024-05-04,Consumer,Chennai
CUST270,2024-01-06,Consumer,Bangalore
CUST271,2022-08-13,Consumer,Delhi
CUST272,2023-01-20,Corporate,Mumbai
CUST273,2023-02-07,Consumer,Mumbai
CUST274,2023-09-30,Consumer,Mumbai
CUST275,2022-05-10,Consumer,Chennai
CUST276,2022-02-22,Consumer,Bangalore
CUST277,2023-11-15,Consumer,Mumbai
CUST278,2023-12-31,Consumer,Mumbai
CUST279,2023-11-03,Consumer,Delhi
CUST280,2023-12-11,Consumer,Delhi
CUST281,2023-02-20,Consumer,Bangalore
CUST282,2022-09-04,Consumer,Bangalore
CUST283,2024-04-15,Consumer,Kolkata
CUST284,2023-03-15,Consumer,Delhi
CUST285,2022-07-22,Consumer,Kolkata
CUST286,2022-07-03,Consumer,Chennai
CUST287,2022-05-03,Consumer,Kolkata
CUST288,2023-02-05,Corporate,Mumbai
CUST289,2024-02-06,Consumer,Kolkata
CUST290,2022-10-21,Consumer,Bangalore
CUST291,2022-10-07,Consumer,Chennai
CUST292,2024-04-16,Consumer,Mumbai
CUST293,2024-06-02,Consumer,Kolkata
CUST294,2023-09-02,Consumer,Chennai
CUST295,2022-07-17,Consumer,Chennai
CUST296,2023-05-26,Consumer,Mumbai
CUST297,2024-01-22,Corporate,Kolkata
CUST298,2022-05-24,Corporate,Chennai
CUST299,2023-09-01,Consumer,Chennai
CUST300,2022-07-20,Consumer,Delhi
CUST301,2022-05-04,Corporate,Chennai
CUST302,2022-07-06,Consumer,Delhi
CUST303,2022-11-22,Consumer,Kolkata
CUST304,2023-04-09,Corporate,Kolkata
CUST305,2022-12-15,Consumer,Kolkata
CUST306,2024-02-10,Consumer,Bangalore
CUST307,2023-10-22,Corporate,Kolkata
CUST308,2024-02-03,Consumer,Chennai
CUST309,2023-02-07,Consumer,Mumbai
CUST310,2022-12-12,Consumer,Delhi
CUST311,2023-05-26,Corporate,Bangalore
CUST312,2022-05-27,Corporate,Kolkata
CUST313,2022-05-28,Corporate,Kolkata
CUST314,2024-05-13,Consumer,Mumbai
CUST315,2023-12-12,Corporate,Mumbai
CUST316,2024-03-30,Corporate,Bangalore
CUST317,2023-05-04,Consumer,Delhi
CUST318,2023-10-02,Corporate,Kolkata
CUST319,2023-07-05,Corporate,Bangalore
CUST320,2022-12-04,Consumer,Chennai
CUST321,2024-05-21,Consumer,Chennai
CUST322,2023-10-03,Consumer,Bangalore
CUST323,2024-02-18,Consumer,Kolkata
CUST324,2023-04-18,Consumer,Bangalore
CUST325,2022-05-31,Consumer,Kolkata
CUST326,2023-02-19,Corporate,Mumbai
CUST327,2022-10-25,Corporate,Bangalore
CUST328,2023-09-03,Corporate,Kolkata
CUST329,2022-09-20,Consumer,Bangalore
CUST330,2024-02-03,Consumer,Bangalore
CUST331,2022-05-24,Consumer,Kolkata
CUST332,2022-12-12,Consumer,Kolkata
CUST333,2023-09-16,Corporate,Delhi
CUST334,2023-07-26,Corporate,Bangalore
CUST335,2024-05-30,Consumer,Chennai
CUST336,2022-01-02,Corporate,Bangalore
CUST337,2024-06-15,Corporate,Bangalore
CUST338,2022-10-31,Consumer,Kolkata
CUST339,2022-09-11,Corporate,Bangalore
CUST340,2023-10-14,Consumer,Bangalore
CUST341,2023-03-29,Consumer,Chennai
CUST342,2022-02-06,Consumer,Kolkata
CUST343,2022-06-09,Consumer,Bangalore
CUST344,2022-01-09,Consumer,Mumbai
CUST345,2022-08-21,Consumer,Delhi
CUST346,2022-04-09,Consumer,Chennai
CUST347,2023-10-21,Consumer,Bangalore
CUST348,2024-03-26,Consumer,Mumbai
CUST349,2022-07-27,Consumer,Bangalore
CUST350,2022-05-11,Consumer,Bangalore
CUST351,2023-02-08,Consumer,Kolkata
CUST352,2022-06-01,Consumer,Kolkata
CUST353,2022-02-23,Consumer,Kolkata
CUST354,2022-04-30,Consumer,Mumbai
CUST355,2023-11-04,Consumer,Bangalore
CUST356,2023-09-20,Corporate,Delhi
CUST357,2023-08-10,Consumer,Chennai
CUST358,2023-09-17,Consumer,Kolkata
CUST359,2023-02-24,Corporate,Kolkata
CUST360,2023-02-26,Corporate,Bangalore
CUST361,2022-04-14,Corporate,Bangalore
CUST362,2024-05-01,Corporate,Mumbai
CUST363,2022-09-11,Consumer,Mumbai
CUST364,2022-08-15,Consumer,Kolkata
CUST365,2022-04-22,Consumer,Bangalore
CUST366,2023-05-25,Consumer,Delhi
CUST367,2023-04-18,Consumer,Chennai
CUST368,2022-04-09,Consumer,Bangalore
CUST369,2022-06-02,Consumer,Bangalore
CUST370,2024-05-10,Corporate,Mumbai
CUST371,2024-06-14,Corporate,Chennai
CUST372,2024-05-27,Consumer,Kolkata
CUST373,2022-12-04,Corporate,Bangalore
CUST374,2023-12-07,Consumer,Kolkata
CUST375,2024-04-01,Corporate,Bangalore
CUST376,2022-06-12,Consumer,Kolkata
CUST377,2023-12-21,Corporate,Chennai
CUST378,2023-11-12,Consumer,Mumbai
CUST379,2022-06-10,Consumer,Chennai
CUST380,2023-08-03,Consumer,Delhi
CUST381,2024-03-11,Consumer,Mumbai
CUST382,2023-02-02,Consumer,Chennai
CUST383,2022-10-04,Consumer,Delhi
CUST384,2024-03-26,Consumer,Bangalore
CUST385,2023-05-19,Consumer,Bangalore
CUST386,2024-06-14,Consumer,Kolkata
CUST387,2023-01-27,Corporate,Mumbai
CUST388,2022-05-15,Consumer,Bangalore
CUST389,2022-07-14,Consumer,Mumbai
CUST390,2023-02-05,Consumer,Bangalore
CUST391,2023-10-02,Corporate,Kolkata
CUST392,2022-02-02,Consumer,Chennai
CUST393,2023-11-19,Corporate,Kolkata
CUST394,2023-04-05,Corporate,Delhi
CUST395,2024-06-01,Consumer,Bangalore
CUST396,2023-04-15,Consumer,Delhi
CUST397,2023-01-10,Corporate,Delhi
CUST398,2022-01-22,Corporate,Mumbai
CUST399,2024-01-20,Consumer,Bangalore
CUST400,2023-11-01,Consumer,Delhi
CUST401,2022-02-07,Corporate,Chennai
CUST402,2022-08-18,Consumer,Delhi
CUST403,2022-12-31,Corporate,Chennai
CUST404,2023-07-17,Consumer,Mumbai
CUST405,2023-03-14,Consumer,Delhi
CUST406,2024-02-15,Corporate,Kolkata
CUST407,2022-10-10,Consumer,Mumbai
CUST408,2022-01-27,Consumer,Chennai
CUST409,2022-08-14,Consumer,Mumbai
CUST410,2022-10-04,Consumer,Delhi
CUST411,2024-03-08,Consumer,Bangalore
CUST412,2023-09-01,Consumer,Bangalore
CUST413,2022-10-11,Consumer,Chennai
CUST414,2024-05-28,Corporate,Chennai
CUST415,2023-04-26,Consumer,Bangalore
CUST416,2023-03-29,Consumer,Chennai
CUST417,2024-04-08,Consumer,Mumbai
CUST418,2024-03-26,Corporate,Kolkata
CUST419,2023-10-21,Corporate,Kolkata
CUST420,2023-05-31,Consumer,Mumbai
CUST421,2023-07-01,Consumer,Kolkata
CUST422,2022-07-11,Consumer,Delhi
CUST423,2022-02-18,Corporate,Mumbai
CUST424,2023-05-27,Corporate,Chennai
CUST425,2022-01-17,Consumer,Mumbai
CUST426,2022-06-21,Corporate,Bangalore
CUST427,2022-08-08,Corporate,Chennai
CUST428,2022-06-07,Consumer,Bangalore
CUST429,2023-04-22,Consumer,Chennai
CUST430,2022-02-15,Consumer,Kolkata
CUST431,2023-01-08,Consumer,Mumbai
CUST432,2023-06-02,Corporate,Delhi
CUST433,2022-04-09,Consumer,Chennai
CUST434,2024-06-10,Consumer,Chennai
CUST435,2024-01-15,Consumer,Bangalore
CUST436,2022-02-06,Consumer,Kolkata
CUST437,2022-10-07,Consumer,Bangalore
CUST438,2022-12-15,Consumer,Bangalore
CUST439,2023-05-12,Consumer,Kolkata
CUST440,2022-10-29,Consumer,Delhi
CUST441,2022-06-30,Consumer,Bangalore
CUST442,2023-08-30,Consumer,Bangalore
CUST443,2022-04-09,Consumer,Chennai
CUST444,2023-12-01,Consumer,Kolkata
CUST445,2022-04-26,Consumer,Mumbai
CUST446,2022-07-10,Consumer,Delhi
CUST447,2022-09-10,Consumer,Delhi
CUST448,2022-06-10,Consumer,Kolkata
CUST449,2022-09-13,Corporate,Chennai
CUST450,2022-11-19,Consumer,Chennai
CUST451,2022-05-08,Consumer,Kolkata
CUST452,2022-01-18,Corporate,Chennai
CUST453,2024-03-03,Consumer,Delhi
CUST454,2024-01-05,Consumer,Delhi
CUST455,2023-07-20,Corporate,Mumbai
CUST456,2023-07-24,Corporate,Kolkata
CUST457,2022-11-19,Consumer,Bangalore
CUST458,2024-05-21,Consumer,Bangalore
CUST459,2023-11-17,Consumer,Mumbai
CUST460,2024-03-02,Consumer,Mumbai
CUST461,2023-09-18,Consumer,Chennai
CUST462,2022-10-15,Consumer,Mumbai
CUST463,2024-05-03,Consumer,Mumbai
CUST464,2023-10-25,Consumer,Bangalore
CUST465,2023-10-01,Corporate,Chennai
CUST466,2022-06-04,Consumer,Mumbai
CUST467,2023-05-05,Consumer,Mumbai
CUST468,2023-01-21,Consumer,Chennai
CUST469,2024-02-24,Consumer,Kolkata
CUST470,2022-04-14,Consumer,Chennai
CUST471,2023-01-28,Consumer,Bangalore
CUST472,2024-03-21,Consumer,Kolkata
CUST473,2022-09-03,Consumer,Delhi
CUST474,2022-06-25,Consumer,Chennai
CUST475,2022-02-08,Consumer,Bangalore
CUST476,2023-04-22,Consumer,Kolkata
CUST477,2023-11-13,Consumer,Chennai
CUST478,2024-01-29,Corporate,Mumbai
CUST479,2023-06-22,Consumer,Chennai
CUST480,2024-05-16,Consumer,Delhi
CUST481,2024-03-28,Consumer,Chennai
CUST482,2023-02-12,Consumer,Kolkata
CUST483,2023-06-09,Corporate,Kolkata
CUST484,2024-04-07,Consumer,Chennai
CUST485,2023-05-21,Corporate,Kolkata
CUST486,2024-04-04,Consumer,Mumbai
CUST487,2022-02-05,Consumer,Chennai
CUST488,2023-11-16,Consumer,Mumbai
CUST489,2022-01-20,Corporate,Mumbai
CUST490,2022-11-17,Consumer,Bangalore
CUST491,2024-02-15,Consumer,Chennai
CUST492,2023-05-27,Corporate,Kolkata
CUST493,2023-02-04,Consumer,Mumbai
CUST494,2023-10-16,Consumer,Bangalore
CUST495,2024-06-01,Consumer,Chennai
CUST496,2023-04-16,Corporate,Chennai
CUST497,2022-05-23,Consumer,Delhi
CUST498,2022-04-02,Corporate,Delhi
CUST499,2022-12-20,Corporate,Mumbai
CUST500,2024-04-13,Consumer,Delhi
CUST501,2024-03-10,Consumer,Mumbai
CUST502,2023-12-28,Consumer,Kolkata
CUST503,2024-05-03,Consumer,Mumbai
CUST504,2022-02-20,Corporate,Delhi
CUST505,2023-10-27,Corporate,Kolkata
CUST506,2023-11-29,Consumer,Delhi
CUST507,2023-07-29,Consumer,Mumbai
CUST508,2022-07-09,Consumer,Bangalore
CUST509,2022-05-05,Consumer,Chennai
CUST510,2022-05-30,Consumer,Delhi
CUST511,2022-11-10,Consumer,Mumbai
CUST512,2023-07-24,Consumer,Kolkata
CUST513,2022-12-08,Consumer,Delhi
CUST514,2022-11-01,Consumer,Delhi
CUST515,2023-11-23,Consumer,Chennai
CUST516,2023-11-13,Consumer,Mumbai
CUST517,2024-04-17,Corporate,Bangalore
CUST518,2024-02-22,Consumer,Kolkata
CUST519,2022-02-23,Corporate,Mumbai
CUST520,2023-03-20,Corporate,Kolkata
CUST521,2023-09-05,Consumer,Delhi
CUST522,2022-09-21,Corporate,Chennai
CUST523,2022-02-22,Consumer,Chennai
CUST524,2023-07-26,Consumer,Bangalore
CUST525,2023-09-12,Consumer,Chennai
CUST526,2022-01-05,Consumer,Delhi
CUST527,2022-04-13,Consumer,Bangalore
CUST528,2022-07-15,Consumer,Mumbai
CUST529,2024-02-13,Consumer,Chennai
CUST530,2024-05-26,Consumer,Bangalore
CUST531,2024-06-02,Consumer,Delhi
CUST532,2022-12-16,Corporate,Kolkata
CUST533,2022-02-16,Consumer,Kolkata
CUST534,2024-05-16,Consumer,Delhi
CUST535,2024-04-02,Corporate,Delhi
CUST536,2024-03-30,Consumer,Kolkata
CUST537,2023-10-18,Consumer,Bangalore
CUST538,2022-09-26,Consumer,Kolkata
CUST539,2023-01-05,Consumer,Delhi
CUST540,2023-09-28,Corporate,Chennai
CUST541,2022-04-16,Consumer,Mumbai
CUST542,2023-11-01,Corporate,Chennai
CUST543,2023-10-21,Consumer,Chennai
CUST544,2023-10-19,Consumer,Delhi
CUST545,2022-04-30,Consumer,Kolkata
CUST546,2024-04-10,Consumer,Bangalore
CUST547,2024-02-26,Consumer,Chennai
CUST548,2023-08-27,Corporate,Kolkata
CUST549,2022-02-27,Corporate,Bangalore
CUST550,2022-12-12,Consumer,Chennai
CUST551,2024-01-11,Corporate,Bangalore
CUST552,2023-04-19,Corporate,Kolkata
CUST553,2022-04-27,Consumer,Mumbai
CUST554,2024-04-09,Consumer,Kolkata
CUST555,2024-03-01,Consumer,Delhi
CUST556,2022-05-07,Consumer,Bangalore
CUST557,2023-01-28,Consumer,Mumbai
CUST558,2023-10-03,Consumer,Bangalore
CUST559,2022-02-27,Corporate,Bangalore
CUST560,2023-09-26,Consumer,Chennai
CUST561,2023-05-28,Consumer,Delhi
CUST562,2024-01-21,Corporate,Bangalore
CUST563,2024-03-12,Corporate,Kolkata
CUST564,2022-04-06,Consumer,Kolkata
CUST565,2023-09-30,Corporate,Chennai
CUST566,2022-04-28,Consumer,Delhi
CUST567,2023-07-14,Consumer,Delhi
CUST568,2023-08-24,Consumer,Kolkata
CUST569,2023-05-03,Consumer,Mumbai
CUST570,2022-08-25,Consumer,Chennai
CUST571,2024-06-03,Consumer,Chennai
CUST572,2024-06-15,Consumer,Kolkata
CUST573,2022-09-29,Consumer,Kolkata
CUST574,2022-07-08,Consumer,Mumbai
CUST575,2023-12-05,Corporate,Mumbai
CUST576,2023-03-23,Consumer,Delhi
CUST577,2023-08-04,Consumer,Chennai
CUST578,2024-02-29,Consumer,Chennai
CUST579,2024-05-10,Consumer,Kolkata
CUST580,2022-09-04,Consumer,Delhi
CUST581,2022-03-17,Corporate,Chennai
CUST582,2022-06-03,Consumer,Delhi
CUST583,2023-10-18,Consumer,Delhi
CUST584,2023-03-11,Consumer,Kolkata
CUST585,2022-03-27,Consumer,Delhi
CUST586,2023-11-28,Consumer,Mumbai
CUST587,2022-10-12,Consumer,Mumbai
CUST588,2022-08-08,Consumer,Bangalore
CUST589,2022-03-10,Consumer,Kolkata
CUST590,2022-02-16,Consumer,Bangalore
CUST591,2022-04-04,Consumer,Mumbai
CUST592,2024-01-20,Corporate,Bangalore
CUST593,2023-03-29,Corporate,Kolkata
CUST594,2022-07-23,Corporate,Kolkata
CUST595,2022-08-06,Consumer,Delhi
CUST596,2023-04-19,Consumer,Chennai
CUST597,2023-03-08,Consumer,Delhi
CUST598,2022-12-07,Consumer,Kolkata
CUST599,2023-07-05,Consumer,Mumbai
CUST600,2023-09-04,Consumer,Mumbai
CUST601,2022-10-16,Consumer,Delhi
CUST602,2022-09-11,Corporate,Kolkata
CUST603,2024-01-04,Consumer,Mumbai
CUST604,2022-12-23,Consumer,Kolkata
CUST605,2022-01-23,Consumer,Mumbai
CUST606,2024-02-01,Corporate,Kolkata
CUST607,2023-06-06,Consumer,Bangalore
CUST608,2024-01-28,Consumer,Kolkata
CUST609,2024-04-16,Consumer,Kolkata
CUST610,2022-04-10,Consumer,Delhi
CUST611,2024-03-12,Consumer,Bangalore
CUST612,2022-06-29,Corporate,Chennai
CUST613,2022-08-11,Consumer,Delhi
CUST614,2024-02-01,Consumer,Chennai
CUST615,2023-10-21,Consumer,Mumbai
CUST616,2023-03-18,Consumer,Chennai
CUST617,2023-08-31,Consumer,Kolkata
CUST618,2024-02-08,Consumer,Chennai
CUST619,2022-11-21,Consumer,Delhi
CUST620,2023-05-31,Consumer,Delhi
CUST621,2022-01-16,Consumer,Chennai
CUST622,2024-03-02,Consumer,Delhi
CUST623,2022-12-02,Consumer,Delhi
CUST624,2024-01-29,Corporate,Chennai
CUST625,2022-09-15,Consumer,Bangalore
CUST626,2023-05-12,Consumer,Bangalore
CUST627,2024-06-14,Corporate,Mumbai
CUST628,2022-06-09,Consumer,Delhi
CUST629,2023-04-20,Corporate,Chennai
CUST630,2024-05-01,Consumer,Delhi
CUST631,2023-10-26,Corporate,Kolkata
CUST632,2023-11-21,Consumer,Delhi
CUST633,2023-11-06,Consumer,Delhi
CUST634,2023-01-15,Consumer,Bangalore
CUST635,2023-06-29,Corporate,Chennai
CUST636,2023-11-22,Corporate,Delhi
CUST637,2023-03-03,Consumer,Bangalore
CUST638,2023-09-05,Consumer,Mumbai
CUST639,2022-09-25,Corporate,Bangalore
CUST640,2024-04-14,Consumer,Bangalore
CUST641,2023-07-31,Corporate,Bangalore
CUST642,2023-02-21,Corporate,Delhi
CUST643,2022-06-17,Consumer,Delhi
CUST644,2024-04-21,Consumer,Mumbai
CUST645,2022-02-12,Consumer,Kolkata
CUST646,2023-07-10,Consumer,Kolkata
CUST647,2022-10-12,Corporate,Kolkata
CUST648,2023-02-01,Consumer,Mumbai
CUST649,2022-01-12,Corporate,Kolkata
CUST650,2023-08-30,Consumer,Kolkata
CUST651,2022-10-29,Corporate,Bangalore
CUST652,2024-06-16,Consumer,Delhi
CUST653,2022-09-10,Consumer,Delhi
CUST654,2023-05-14,Consumer,Bangalore
CUST655,2024-01-24,Corporate,Bangalore
CUST656,2022-02-04,Consumer,Bangalore
CUST657,2023-12-28,Corporate,Delhi
CUST658,2024-04-28,Consumer,Kolkata
CUST659,2022-03-31,Consumer,Bangalore
CUST660,2024-02-15,Consumer,Mumbai
CUST661,2023-08-28,Consumer,Bangalore
CUST662,2023-08-25,Consumer,Chennai
CUST663,2023-02-22,Corporate,Bangalore
CUST664,2022-04-25,Corporate,Delhi
CUST665,2023-09-09,Corporate,Bangalore
CUST666,2022-07-15,Corporate,Chennai
CUST667,2024-04-05,Consumer,Mumbai
CUST668,2023-05-16,Consumer,Kolkata
CUST669,2023-09-18,Consumer,Bangalore
CUST670,2023-05-08,Corporate,Chennai
CUST671,2022-03-16,Consumer,Chennai
CUST672,2023-02-17,Consumer,Mumbai
CUST673,2023-01-11,Consumer,Delhi
CUST674,2023-02-24,Consumer,Bangalore
CUST675,2023-12-30,Corporate,Chennai
CUST676,2022-10-04,Corporate,Mumbai
CUST677,2024-01-31,Consumer,Kolkata
CUST678,2023-11-07,Corporate,Chennai
CUST679,2023-01-29,Consumer,Mumbai
CUST680,2024-05-18,Consumer,Delhi
CUST681,2023-04-02,Consumer,Delhi
CUST682,2022-07-11,Consumer,Chennai
CUST683,2024-01-09,Consumer,Chennai
CUST684,2023-11-20,Corporate,Bangalore
CUST685,2022-04-09,Consumer,Mumbai
CUST686,2023-07-02,Corporate,Chennai
CUST687,2022-04-06,Consumer,Bangalore
CUST688,2023-10-26,Consumer,Bangalore
CUST689,2023-10-25,Consumer,Chennai
CUST690,2022-07-09,Consumer,Delhi
CUST691,2024-01-06,Consumer,Mumbai
CUST692,2022-02-06,Corporate,Mumbai
CUST693,2024-02-19,Consumer,Delhi
CUST694,2023-01-04,Consumer,Chennai
CUST695,2023-11-26,Consumer,Mumbai
CUST696,2023-06-09,Consumer,Chennai
CUST697,2022-10-06,Consumer,Chennai
CUST698,2022-08-05,Consumer,Bangalore
CUST699,2024-05-16,Consumer,Delhi
CUST700,2024-05-22,Consumer,Chennai
CUST701,2024-03-08,Consumer,Kolkata
CUST702,2022-09-30,Consumer,Delhi
CUST703,2024-05-30,Consumer,Mumbai
CUST704,2022-03-03,Consumer,Bangalore
CUST705,2023-08-19,Corporate,Mumbai
CUST706,2024-05-29,Consumer,Mumbai
CUST707,2023-12-30,Consumer,Delhi
CUST708,2022-12-08,Consumer,Mumbai
CUST709,2023-02-01,Corporate,Chennai
CUST710,2023-11-30,Consumer,Mumbai
CUST711,2022-01-19,Consumer,Bangalore
CUST712,2022-06-26,Corporate,Bangalore
CUST713,2023-09-04,Consumer,Kolkata
CUST714,2023-01-31,Consumer,Bangalore
CUST715,2023-03-21,Consumer,Mumbai
CUST716,2022-08-21,Consumer,Bangalore
CUST717,2022-03-17,Corporate,Delhi
CUST718,2022-09-22,Corporate,Bangalore
CUST719,2023-03-31,Consumer,Chennai
CUST720,2024-03-06,Consumer,Delhi
CUST721,2023-12-19,Consumer,Kolkata
CUST722,2024-01-05,Consumer,Chennai
CUST723,2023-01-19,Corporate,Mumbai
CUST724,2023-07-18,Consumer,Mumbai
CUST725,2024-04-30,Consumer,Mumbai
CUST726,2023-05-21,Corporate,Chennai
CUST727,2023-01-02,Consumer,Chennai
CUST728,2022-05-24,Consumer,Chennai
CUST729,2024-06-03,Consumer,Delhi
CUST730,2022-03-10,Corporate,Delhi
CUST731,2022-04-09,Consumer,Mumbai
CUST732,2023-01-31,Consumer,Bangalore
CUST733,2022-01-25,Consumer,Mumbai
CUST734,2024-06-09,Consumer,Kolkata
CUST735,2023-04-14,Corporate,Delhi
CUST736,2023-04-29,Corporate,Chennai
CUST737,2023-07-19,Consumer,Delhi
CUST738,2022-05-31,Consumer,Chennai
CUST739,2022-05-24,Consumer,Kolkata
CUST740,2023-07-23,Consumer,Kolkata
CUST741,2022-02-08,Consumer,Delhi
CUST742,2022-04-19,Corporate,Chennai
CUST743,2023-11-24,Consumer,Kolkata
CUST744,2022-02-11,Consumer,Mumbai
CUST745,2022-07-05,Consumer,Mumbai
CUST746,2023-02-02,Corporate,Chennai
CUST747,2022-08-11,Corporate,Delhi
CUST748,2023-09-26,Corporate,Kolkata
CUST749,2022-05-13,Consumer,Delhi
CUST750,2022-06-12,Consumer,Mumbai
CUST751,2022-08-03,Corporate,Kolkata
CUST752,2024-01-03,Consumer,Delhi
CUST753,2022-08-23,Consumer,Bangalore
CUST754,2024-04-22,Corporate,Chennai
CUST755,2023-10-20,Corporate,Chennai
CUST756,2024-01-21,Consumer,Bangalore
CUST757,2023-08-11,Consumer,Mumbai
CUST758,2022-01-09,Consumer,Kolkata
CUST759,2022-03-15,Consumer,Chennai
CUST760,2023-05-07,Consumer,Bangalore
CUST761,2022-09-10,Corporate,Bangalore
CUST762,2022-08-18,Corporate,Mumbai
CUST763,2023-06-03,Corporate,Mumbai
CUST764,2022-06-23,Consumer,Delhi
CUST765,2023-10-15,Corporate,Chennai
CUST766,2022-06-17,Corporate,Delhi
CUST767,2022-06-19,Consumer,Bangalore
CUST768,2023-01-28,Corporate,Kolkata
CUST769,2024-03-05,Corporate,Kolkata
CUST770,2023-09-26,Consumer,Mumbai
CUST771,2022-07-13,Consumer,Kolkata
CUST772,2023-06-01,Consumer,Kolkata
CUST773,2022-01-29,Consumer,Kolkata
CUST774,2022-06-14,Consumer,Bangalore
CUST775,2023-02-26,Corporate,Kolkata
CUST776,2022-12-05,Consumer,Kolkata
CUST777,2023-10-10,Consumer,Kolkata
CUST778,2023-05-11,Consumer,Delhi
CUST779,2022-12-31,Consumer,Bangalore
CUST780,2024-04-12,Consumer,Mumbai
CUST781,2022-12-08,Consumer,Delhi
CUST782,2023-05-15,Consumer,Chennai
CUST783,2023-10-19,Consumer,Bangalore
CUST784,2023-05-26,Consumer,Bangalore
CUST785,2022-11-23,Consumer,Chennai
CUST786,2022-08-05,Corporate,Chennai
CUST787,2022-10-28,Consumer,Chennai
CUST788,2022-05-12,Corporate,Mumbai
CUST789,2024-03-14,Consumer,Kolkata
CUST790,2022-03-11,Consumer,Bangalore
CUST791,2022-09-09,Corporate,Kolkata
CUST792,2023-02-19,Consumer,Kolkata
CUST793,2024-02-26,Consumer,Chennai
CUST794,2023-03-21,Consumer,Mumbai
CUST795,2024-05-25,Consumer,Delhi
CUST796,2022-07-01,Consumer,Mumbai
CUST797,2022-06-16,Consumer,Kolkata
CUST798,2022-04-01,Consumer,Mumbai
CUST799,2023-12-15,Consumer,Chennai
CUST800,2024-05-07,Consumer,Delhi
CUST801,2023-06-15,Corporate,Chennai
CUST802,2022-02-08,Corporate,Delhi
CUST803,2022-05-06,Consumer,Kolkata
CUST804,2023-03-27,Corporate,Delhi
CUST805,2022-06-22,Consumer,Delhi
CUST806,2023-10-15,Consumer,Delhi
CUST807,2024-01-24,Consumer,Mumbai
CUST808,2022-08-08,Corporate,Mumbai
CUST809,2023-09-30,Consumer,Kolkata
CUST810,2022-02-27,Consumer,Delhi
CUST811,2023-10-22,Consumer,Bangalore
CUST812,2023-04-21,Corporate,Kolkata
CUST813,2023-04-01,Corporate,Delhi
CUST814,2024-04-08,Corporate,Delhi
CUST815,2024-06-13,Consumer,Mumbai
CUST816,2022-12-27,Consumer,Kolkata
CUST817,2022-01-01,Consumer,Delhi
CUST818,2023-01-22,Consumer,Delhi
CUST819,2022-12-14,Consumer,Kolkata
CUST820,2022-07-09,Consumer,Bangalore
CUST821,2023-05-20,Corporate,Kolkata
CUST822,2022-07-10,Corporate,Kolkata
CUST823,2023-05-23,Corporate,Bangalore
CUST824,2023-01-04,Corporate,Kolkata
CUST825,2023-02-13,Consumer,Delhi
CUST826,2024-04-03,Consumer,Kolkata
CUST827,2022-04-27,Corporate,Bangalore
CUST828,2022-05-14,Consumer,Chennai
CUST829,2022-02-27,Corporate,Kolkata
CUST830,2023-07-10,Consumer,Mumbai
CUST831,2023-11-16,Consumer,Delhi
CUST832,2023-11-03,Consumer,Delhi
CUST833,2022-06-22,Corporate,Mumbai
CUST834,2024-04-08,Corporate,Mumbai
CUST835,2024-03-25,Consumer,Kolkata
CUST836,2022-05-29,Corporate,Mumbai
CUST837,2022-03-21,Consumer,Chennai
CUST838,2024-06-04,Consumer,Bangalore
CUST839,2022-08-01,Consumer,Mumbai
CUST840,2022-07-22,Consumer,Mumbai
CUST841,2024-02-03,Consumer,Chennai
CUST842,2022-08-17,Corporate,Delhi
CUST843,2023-11-07,Corporate,Delhi
CUST844,2022-08-15,Consumer,Kolkata
CUST845,2023-10-21,Consumer,Chennai
CUST846,2023-06-16,Corporate,Bangalore
CUST847,2023-03-17,Corporate,Bangalore
CUST848,2023-02-06,Corporate,Chennai
CUST849,2022-02-16,Consumer,Bangalore
CUST850,2022-08-21,Consumer,Delhi
CUST851,2022-11-01,Consumer,Bangalore
CUST852,2023-06-10,Consumer,Bangalore
CUST853,2022-05-23,Consumer,Chennai
CUST854,2023-02-19,Corporate,Chennai
CUST855,2023-05-28,Consumer,Bangalore
CUST856,2023-01-08,Consumer,Mumbai
CUST857,2023-07-20,Consumer,Chennai
CUST858,2024-06-04,Consumer,Kolkata
CUST859,2022-09-16,Consumer,Kolkata
CUST860,2023-10-18,Consumer,Delhi
CUST861,2023-04-16,Consumer,Bangalore
CUST862,2022-01-12,Corporate,Mumbai
CUST863,2022-11-26,Corporate,Delhi
CUST864,2024-01-06,Consumer,Bangalore
CUST865,2024-02-23,Consumer,Chennai
CUST866,2022-12-24,Corporate,Kolkata
CUST867,2023-02-12,Consumer,Mumbai
CUST868,2023-10-30,Consumer,Kolkata
CUST869,2023-01-08,Corporate,Chennai
CUST870,2022-01-08,Consumer,Bangalore
CUST871,2022-05-02,Consumer,Chennai
CUST872,2022-12-14,Consumer,Chennai
CUST873,2023-11-07,Consumer,Kolkata
CUST874,2022-03-31,Consumer,Mumbai
CUST875,2023-10-10,Corporate,Chennai
CUST876,2023-11-29,Consumer,Kolkata
CUST877,2022-11-12,Consumer,Mumbai
CUST878,2022-06-27,Corporate,Bangalore
CUST879,2023-06-24,Consumer,Bangalore
CUST880,2024-01-02,Consumer,Delhi
CUST881,2024-05-18,Corporate,Kolkata
CUST882,2022-02-10,Consumer,Mumbai
CUST883,2024-01-10,Corporate,Chennai
CUST884,2023-12-05,Corporate,Bangalore
CUST885,2023-05-17,Consumer,Mumbai
CUST886,2022-05-25,Consumer,Kolkata
CUST887,2022-07-20,Corporate,Delhi
CUST888,2023-12-25,Consumer,Bangalore
CUST889,2023-04-06,Corporate,Mumbai
CUST890,2024-01-02,Consumer,Mumbai
CUST891,2024-01-22,Consumer,Mumbai
CUST892,2023-07-12,Consumer,Kolkata
CUST893,2023-07-01,Corporate,Kolkata
CUST894,2022-09-10,Corporate,Kolkata
CUST895,2023-01-25,Consumer,Chennai
CUST896,2023-08-17,Consumer,Mumbai
CUST897,2024-06-01,Corporate,Bangalore
CUST898,2022-09-13,Consumer,Kolkata
CUST899,2023-12-10,Consumer,Kolkata
CUST900,2024-03-25,Consumer,Mumbai
CUST901,2023-03-26,Consumer,Kolkata
CUST902,2022-01-10,Corporate,Chennai
CUST903,2024-04-03,Consumer,Chennai
CUST904,2024-03-08,Consumer,Kolkata
CUST905,2022-08-30,Consumer,Mumbai
CUST906,2022-09-08,Corporate,Mumbai
CUST907,2024-05-26,Consumer,Mumbai
CUST908,2022-01-05,Consumer,Delhi
CUST909,2022-04-29,Consumer,Kolkata
CUST910,2024-03-11,Corporate,Mumbai
CUST911,2023-01-09,Consumer,Chennai
CUST912,2022-03-06,Consumer,Bangalore
CUST913,2022-05-26,Consumer,Bangalore
CUST914,2022-08-12,Consumer,Mumbai
CUST915,2022-08-27,Consumer,Bangalore
CUST916,2022-06-26,Corporate,Bangalore
CUST917,2024-02-18,Consumer,Delhi
CUST918,2024-05-02,Corporate,Chennai
CUST919,2022-10-09,Consumer,Chennai
CUST920,2022-03-04,Corporate,Delhi
CUST921,2022-08-05,Consumer,Delhi
CUST922,2024-05-03,Consumer,Bangalore
CUST923,2024-04-06,Corporate,Kolkata
CUST924,2024-03-05,Corporate,Bangalore
CUST925,2023-11-20,Consumer,Delhi
CUST926,2023-04-06,Consumer,Chennai
CUST927,2023-09-02,Corporate,Bangalore
CUST928,2022-04-15,Consumer,Kolkata
CUST929,2022-04-09,Corporate,Bangalore
CUST930,2023-05-26,Corporate,Mumbai
CUST931,2023-01-20,Consumer,Bangalore
CUST932,2023-02-09,Consumer,Delhi
CUST933,2024-04-02,Consumer,Chennai
CUST934,2023-06-02,Consumer,Chennai
CUST935,2023-04-21,Consumer,Delhi
CUST936,2023-12-10,Corporate,Mumbai
CUST937,2024-05-12,Consumer,Delhi
CUST938,2023-10-07,Corporate,Bangalore
CUST939,2024-05-19,Consumer,Delhi
CUST940,2024-02-10,Consumer,Delhi
CUST941,2023-03-13,Consumer,Mumbai
CUST942,2022-01-23,Consumer,Bangalore
CUST943,2023-07-19,Consumer,Kolkata
CUST944,2023-11-08,Consumer,Kolkata
CUST945,2023-12-15,Corporate,Chennai
CUST946,2023-04-03,Consumer,Delhi
CUST947,2022-03-24,Consumer,Chennai
CUST948,2022-05-25,Consumer,Mumbai
CUST949,2022-03-26,Consumer,Kolkata
CUST950,2022-03-19,Consumer,Delhi
CUST951,2023-04-02,Consumer,Mumbai
CUST952,2024-05-27,Consumer,Mumbai
CUST953,2022-01-01,Consumer,Delhi
CUST954,2022-02-20,Consumer,Mumbai
CUST955,2023-11-16,Corporate,Delhi
CUST956,2023-12-18,Consumer,Delhi
CUST957,2024-02-11,Consumer,Bangalore
CUST958,2023-03-22,Consumer,Chennai
CUST959,2023-03-25,Consumer,Mumbai
CUST960,2024-05-30,Corporate,Mumbai
CUST961,2023-05-03,Consumer,Bangalore
CUST962,2024-03-10,Consumer,Bangalore
CUST963,2022-02-03,Consumer,Bangalore
CUST964,2022-12-14,Consumer,Kolkata
CUST965,2022-04-05,Consumer,Kolkata
CUST966,2022-03-13,Consumer,Kolkata
CUST967,2023-07-05,Corporate,Delhi
CUST968,2022-06-03,Consumer,Mumbai
CUST969,2022-09-07,Consumer,Chennai
CUST970,2023-11-05,Consumer,Delhi
CUST971,2023-03-14,Consumer,Mumbai
CUST972,2022-04-28,Consumer,Mumbai
CUST973,2024-02-10,Corporate,Bangalore
CUST974,2024-06-09,Corporate,Bangalore
CUST975,2022-11-02,Consumer,Delhi
CUST976,2022-09-25,Corporate,Bangalore
CUST977,2022-02-23,Corporate,Mumbai
CUST978,2022-08-24,Corporate,Bangalore
CUST979,2023-01-24,Consumer,Kolkata
CUST980,2024-01-04,Corporate,Bangalore
CUST981,2024-02-02,Consumer,Mumbai
CUST982,2024-04-04,Corporate,Delhi
CUST983,2023-02-05,Consumer,Chennai
CUST984,2023-09-16,Consumer,Bangalore
CUST985,2024-02-06,Corporate,Mumbai
CUST986,2022-10-30,Consumer,Chennai
CUST987,2022-07-26,Corporate,Chennai
CUST988,2022-08-17,Corporate,Kolkata
CUST989,2024-05-02,Consumer,Chennai
CUST990,2023-08-01,Consumer,Mumbai
CUST991,2022-03-16,Consumer,Mumbai
CUST992,2023-03-11,Consumer,Bangalore
CUST993,2022-04-13,Consumer,Bangalore
CUST994,2023-02-26,Corporate,Bangalore
CUST995,2023-12-05,Consumer,Chennai
CUST996,2024-02-03,Consumer,Chennai
CUST997,2024-01-08,Corporate,Kolkata
CUST998,2024-03-16,Consumer,Bangalore
CUST999,2022-11-02,Consumer,Delhi
CUST1000,2022-04-08,Corporate,Kolkata
CUST1001,2024-04-29,Consumer,Delhi
CUST1002,2024-03-08,Corporate,Chennai
CUST1003,2022-12-01,Corporate,Kolkata
CUST1004,2024-05-08,Corporate,Kolkata
CUST1005,2023-03-11,Consumer,Mumbai
CUST1006,2023-03-23,Consumer,Chennai
CUST1007,2022-11-04,Consumer,Chennai
CUST1008,2022-09-06,Corporate,Kolkata
CUST1009,2022-06-15,Corporate,Chennai
CUST1010,2023-04-26,Consumer,Kolkata
CUST1011,2022-12-01,Consumer,Mumbai
CUST1012,2023-06-26,Consumer,Kolkata
CUST1013,2024-01-29,Consumer,Chennai
CUST1014,2022-04-16,Corporate,Chennai
CUST1015,2023-07-17,Consumer,Kolkata
CUST1016,2022-03-22,Corporate,Kolkata
CUST1017,2022-05-13,Corporate,Kolkata
CUST1018,2024-03-07,Consumer,Bangalore
CUST1019,2024-06-18,Consumer,Chennai
CUST1020,2022-05-18,Consumer,Chennai
CUST1021,2022-07-03,Consumer,Bangalore
CUST1022,2023-02-05,Corporate,Kolkata
CUST1023,2022-11-26,Corporate,Mumbai
CUST1024,2024-02-24,Corporate,Kolkata
CUST1025,2023-05-23,Consumer,Kolkata
CUST1026,2024-05-01,Consumer,Bangalore
CUST1027,2022-03-10,Corporate,Chennai
CUST1028,2023-06-30,Consumer,Kolkata
CUST1029,2024-02-13,Consumer,Chennai
CUST1030,2022-02-22,Consumer,Delhi
CUST1031,2023-03-26,Consumer,Chennai
CUST1032,2022-07-24,Consumer,Mumbai
CUST1033,2022-05-06,Consumer,Mumbai
CUST1034,2024-01-17,Corporate,Kolkata
CUST1035,2022-02-12,Consumer,Chennai
CUST1036,2024-01-22,Consumer,Kolkata
CUST1037,2024-06-01,Consumer,Bangalore
CUST1038,2022-04-21,Corporate,Mumbai
CUST1039,2024-01-31,Consumer,Kolkata
CUST1040,2023-10-25,Consumer,Bangalore
CUST1041,2022-07-02,Consumer,Kolkata
CUST1042,2024-04-27,Corporate,Chennai
CUST1043,2022-04-05,Consumer,Chennai
CUST1044,2023-01-09,Corporate,Chennai
CUST1045,2023-06-04,Corporate,Chennai
CUST1046,2024-06-18,Consumer,Delhi
CUST1047,2022-12-26,Corporate,Bangalore
CUST1048,2024-06-18,Consumer,Bangalore
CUST1049,2023-11-27,Corporate,Chennai
CUST1050,2022-10-08,Consumer,Delhi
CUST1051,2022-07-14,Corporate,Chennai
CUST1052,2024-05-13,Consumer,Delhi
CUST1053,2022-07-14,Consumer,Chennai
CUST1054,2023-10-29,Consumer,Mumbai
CUST1055,2022-04-03,Consumer,Mumbai
CUST1056,2023-11-03,Consumer,Kolkata
CUST1057,2022-03-02,Consumer,Chennai
CUST1058,2023-09-26,Consumer,Bangalore
CUST1059,2022-02-20,Consumer,Kolkata
CUST1060,2023-02-07,Corporate,Mumbai
CUST1061,2024-02-28,Consumer,Chennai
CUST1062,2022-01-05,Consumer,Kolkata
CUST1063,2023-04-11,Consumer,Chennai
CUST1064,2023-08-27,Consumer,Mumbai
CUST1065,2023-11-13,Corporate,Kolkata
CUST1066,2024-04-08,Consumer,Mumbai
CUST1067,2023-06-18,Corporate,Delhi
CUST1068,2023-02-09,Corporate,Mumbai
CUST1069,2024-04-17,Corporate,Chennai
CUST1070,2023-05-28,Consumer,Bangalore
CUST1071,2023-10-07,Corporate,Mumbai
CUST1072,2022-08-21,Corporate,Bangalore
CUST1073,2023-06-08,Consumer,Delhi
CUST1074,2022-12-12,Consumer,Kolkata
CUST1075,2022-02-15,Consumer,Kolkata
CUST1076,2023-06-30,Consumer,Bangalore
CUST1077,2022-03-19,Consumer,Kolkata
CUST1078,2023-12-31,Consumer,Mumbai
CUST1079,2024-03-23,Consumer,Bangalore
CUST1080,2022-03-14,Consumer,Chennai
CUST1081,2024-03-04,Consumer,Mumbai
CUST1082,2022-09-06,Consumer,Mumbai
CUST1083,2022-02-16,Consumer,Mumbai
CUST1084,2022-05-01,Consumer,Chennai
CUST1085,2022-08-02,Consumer,Delhi
CUST1086,2022-08-27,Corporate,Kolkata
CUST1087,2022-02-25,Consumer,Bangalore
CUST1088,2022-12-16,Consumer,Delhi
CUST1089,2022-04-17,Corporate,Bangalore
CUST1090,2024-04-10,Consumer,Kolkata
CUST1091,2022-02-17,Consumer,Chennai
CUST1092,2023-07-27,Corporate,Mumbai
CUST1093,2022-12-03,Corporate,Mumbai
CUST1094,2022-01-26,Consumer,Chennai
CUST1095,2024-03-14,Consumer,Delhi
CUST1096,2022-09-14,Corporate,Delhi
CUST1097,2022-01-08,Consumer,Bangalore
CUST1098,2023-09-17,Consumer,Chennai
CUST1099,2024-05-16,Corporate,Delhi
CUST1100,2022-09-10,Consumer,Chennai
CUST1101,2023-11-23,Consumer,Kolkata
CUST1102,2023-12-20,Consumer,Mumbai
CUST1103,2022-10-30,Corporate,Mumbai
CUST1104,2023-10-01,Consumer,Mumbai
CUST1105,2022-02-25,Consumer,Chennai
CUST1106,2023-12-27,Consumer,Chennai
CUST1107,2023-06-10,Consumer,Bangalore
CUST1108,2023-04-19,Consumer,Mumbai
CUST1109,2022-01-28,Corporate,Bangalore
CUST1110,2022-03-19,Consumer,Mumbai
CUST1111,2022-08-04,Consumer,Bangalore
CUST1112,2023-01-21,Corporate,Bangalore
CUST1113,2022-12-31,Consumer,Kolkata
CUST1114,2023-10-28,Corporate,Bangalore
CUST1115,2023-06-10,Consumer,Chennai
CUST1116,2023-11-30,Consumer,Bangalore
CUST1117,2022-11-08,Consumer,Mumbai
CUST1118,2024-06-01,Corporate,Bangalore
CUST1119,2022-01-07,Consumer,Delhi
CUST1120,2022-01-03,Consumer,Mumbai
CUST1121,2023-09-15,Consumer,Delhi
CUST1122,2024-01-20,Consumer,Mumbai
CUST1123,2022-12-29,Consumer,Chennai
CUST1124,2024-01-21,Corporate,Chennai
CUST1125,2023-05-23,Consumer,Chennai
CUST1126,2022-10-01,Corporate,Delhi
CUST1127,2023-05-21,Consumer,Kolkata
CUST1128,2024-03-16,Consumer,Mumbai
CUST1129,2024-01-09,Consumer,Chennai
CUST1130,2024-06-01,Consumer,Mumbai
CUST1131,2022-01-15,Corporate,Delhi
CUST1132,2022-07-11,Corporate,Kolkata
CUST1133,2023-09-23,Consumer,Delhi
CUST1134,2023-04-30,Consumer,Mumbai
CUST1135,2022-01-28,Consumer,Kolkata
CUST1136,2023-12-15,Corporate,Kolkata
CUST1137,2022-02-08,Consumer,Delhi
CUST1138,2022-09-30,Consumer,Chennai
CUST1139,2022-08-19,Corporate,Mumbai
CUST1140,2022-03-27,Consumer,Bangalore
CUST1141,2023-04-19,Consumer,Bangalore
CUST1142,2022-05-06,Consumer,Delhi
CUST1143,2024-03-22,Corporate,Mumbai
CUST1144,2023-06-21,Consumer,Mumbai
CUST1145,2022-05-25,Consumer,Delhi
CUST1146,2023-06-09,Consumer,Mumbai
CUST1147,2022-07-31,Consumer,Chennai
CUST1148,2022-01-25,Consumer,Delhi
CUST1149,2023-08-03,Consumer,Chennai
CUST1150,2023-01-29,Consumer,Mumbai
CUST1151,2022-03-08,Consumer,Delhi
CUST1152,2022-08-21,Consumer,Mumbai
CUST1153,2022-04-19,Consumer,Delhi
CUST1154,2022-05-26,Corporate,Mumbai
CUST1155,2022-04-21,Consumer,Chennai
CUST1156,2022-08-16,Corporate,Chennai
CUST1157,2022-04-21,Corporate,Mumbai
CUST1158,2023-04-15,Consumer,Delhi
CUST1159,2022-02-03,Consumer,Bangalore
CUST1160,2023-09-15,Consumer,Chennai
CUST1161,2024-02-15,Consumer,Chennai
CUST1162,2023-01-04,Consumer,Bangalore
CUST1163,2024-01-18,Consumer,Mumbai
CUST1164,2023-08-18,Consumer,Delhi
CUST1165,2023-07-08,Corporate,Mumbai
CUST1166,2023-03-01,Consumer,Kolkata
CUST1167,2023-09-05,Corporate,Chennai
CUST1168,2023-06-02,Consumer,Kolkata
CUST1169,2023-11-23,Corporate,Chennai
CUST1170,2022-10-09,Consumer,Chennai
CUST1171,2022-11-16,Consumer,Kolkata
CUST1172,2024-01-08,Consumer,Kolkata
CUST1173,2023-03-19,Consumer,Mumbai
CUST1174,2022-11-11,Consumer,Kolkata
CUST1175,2024-05-26,Corporate,Mumbai
CUST1176,2024-01-11,Consumer,Mumbai
CUST1177,2023-01-12,Consumer,Mumbai
CUST1178,2022-10-16,Corporate,Chennai
CUST1179,2023-03-13,Corporate,Chennai
CUST1180,2023-10-24,Consumer,Kolkata
CUST1181,2022-10-04,Consumer,Chennai
CUST1182,2023-12-11,Consumer,Kolkata
CUST1183,2023-08-05,Consumer,Chennai
CUST1184,2023-05-18,Corporate,Delhi
CUST1185,2023-09-16,Corporate,Delhi
CUST1186,2023-05-31,Corporate,Kolkata
CUST1187,2022-12-16,Corporate,Chennai
CUST1188,2024-04-22,Consumer,Chennai
CUST1189,2023-03-22,Corporate,Mumbai
CUST1190,2024-04-09,Corporate,Bangalore
CUST1191,2022-12-16,Consumer,Kolkata
CUST1192,2023-08-30,Corporate,Bangalore
CUST1193,2023-10-26,Consumer,Bangalore
CUST1194,2024-04-02,Consumer,Kolkata
CUST1195,2022-05-17,Corporate,Chennai
CUST1196,2024-01-29,Consumer,Kolkata
CUST1197,2024-06-17,Consumer,Bangalore
CUST1198,2022-08-31,Consumer,Chennai
CUST1199,2023-06-27,Consumer,Delhi
CUST1200,2022-02-09,Corporate,Kolkata
CUST1201,2022-08-17,Consumer,Kolkata
CUST1202,2023-07-02,Consumer,Chennai
CUST1203,2022-08-11,Corporate,Delhi
CUST1204,2022-01-06,Consumer,Delhi
CUST1205,2022-11-18,Consumer,Chennai
CUST1206,2023-04-13,Consumer,Mumbai
CUST1207,2024-01-02,Corporate,Kolkata
CUST1208,2022-03-16,Consumer,Kolkata
CUST1209,2022-01-04,Consumer,Bangalore
CUST1210,2024-04-26,Consumer,Chennai
CUST1211,2023-10-08,Consumer,Bangalore
CUST1212,2022-04-28,Consumer,Bangalore
CUST1213,2024-05-30,Consumer,Delhi
CUST1214,2023-08-29,Consumer,Kolkata
CUST1215,2023-05-19,Corporate,Bangalore
CUST1216,2023-07-28,Consumer,Delhi
CUST1217,2023-03-17,Corporate,Chennai
CUST1218,2022-07-13,Corporate,Bangalore
CUST1219,2024-04-26,Corporate,Kolkata
CUST1220,2023-12-16,Consumer,Bangalore
CUST1221,2023-01-27,Consumer,Chennai
CUST1222,2022-01-26,Consumer,Bangalore
CUST1223,2023-03-11,Consumer,Kolkata
CUST1224,2022-06-22,Consumer,Delhi
CUST1225,2022-10-27,Corporate,Kolkata
CUST1226,2023-10-07,Corporate,Delhi
CUST1227,2022-11-22,Consumer,Mumbai
CUST1228,2023-02-14,Consumer,Kolkata
CUST1229,2022-04-28,Corporate,Kolkata
CUST1230,2024-04-15,Consumer,Chennai
CUST1231,2024-02-26,Consumer,Bangalore
CUST1232,2023-12-25,Corporate,Delhi
CUST1233,2022-08-13,Consumer,Delhi
CUST1234,2023-06-16,Consumer,Chennai
CUST1235,2022-04-23,Consumer,Chennai
CUST1236,2022-05-20,Corporate,Bangalore
CUST1237,2023-07-13,Consumer,Bangalore
CUST1238,2022-01-01,Consumer,Kolkata
CUST1239,2022-03-31,Consumer,Mumbai
CUST1240,2023-10-16,Consumer,Bangalore
CUST1241,2022-11-16,Consumer,Chennai
CUST1242,2023-07-04,Corporate,Bangalore
CUST1243,2024-03-15,Consumer,Delhi
CUST1244,2024-06-12,Corporate,Mumbai
CUST1245,2022-05-19,Consumer,Kolkata
CUST1246,2023-05-26,Consumer,Delhi
CUST1247,2024-05-17,Consumer,Delhi
CUST1248,2024-04-24,Consumer,Mumbai
CUST1249,2022-09-16,Consumer,Kolkata
CUST1250,2023-11-04,Consumer,Chennai
CUST1251,2023-11-21,Consumer,Kolkata
CUST1252,2022-01-10,Consumer,Bangalore
CUST1253,2022-09-18,Consumer,Delhi
CUST1254,2023-10-12,Corporate,Bangalore
CUST1255,2022-06-21,Corporate,Chennai
CUST1256,2024-06-16,Consumer,Bangalore
CUST1257,2022-01-13,Consumer,Kolkata
CUST1258,2022-06-17,Consumer,Bangalore
CUST1259,2023-10-04,Consumer,Chennai
CUST1260,2023-08-19,Consumer,Chennai
CUST1261,2022-11-17,Corporate,Chennai
CUST1262,2022-11-15,Consumer,Kolkata
CUST1263,2023-09-05,Consumer,Chennai
CUST1264,2022-11-25,Corporate,Delhi
CUST1265,2024-02-24,Consumer,Chennai
CUST1266,2024-02-16,Corporate,Bangalore
CUST1267,2023-07-04,Consumer,Bangalore
CUST1268,2023-02-23,Consumer,Bangalore
CUST1269,2023-08-29,Consumer,Kolkata
CUST1270,2022-04-05,Consumer,Bangalore
CUST1271,2024-03-27,Corporate,Kolkata
CUST1272,2023-08-04,Consumer,Kolkata
CUST1273,2022-11-14,Corporate,Chennai
CUST1274,2022-08-24,Consumer,Delhi
CUST1275,2022-11-30,Consumer,Chennai
CUST1276,2024-06-03,Consumer,Chennai
CUST1277,2023-01-11,Consumer,Kolkata
CUST1278,2023-04-04,Corporate,Kolkata
CUST1279,2022-05-17,Consumer,Bangalore
CUST1280,2023-08-11,Consumer,Bangalore
CUST1281,2023-07-01,Consumer,Chennai
CUST1282,2023-05-28,Consumer,Mumbai
CUST1283,2022-10-23,Consumer,Mumbai
CUST1284,2022-11-16,Consumer,Bangalore
CUST1285,2023-07-26,Corporate,Mumbai
CUST1286,2024-04-11,Consumer,Bangalore
CUST1287,2022-12-15,Consumer,Kolkata
CUST1288,2024-04-19,Consumer,Chennai
CUST1289,2024-02-18,Consumer,Delhi
CUST1290,2024-05-22,Corporate,Chennai
CUST1291,2022-08-17,Consumer,Bangalore
CUST1292,2022-09-27,Consumer,Bangalore
CUST1293,2024-04-07,Consumer,Chennai
CUST1294,2024-03-08,Consumer,Bangalore
CUST1295,2022-10-18,Consumer,Mumbai
CUST1296,2023-12-26,Corporate,Mumbai
CUST1297,2022-06-14,Corporate,Bangalore
CUST1298,2022-01-05,Corporate,Bangalore
CUST1299,2024-04-30,Consumer,Mumbai
CUST1300,2023-01-14,Consumer,Bangalore
CUST1301,2022-03-19,Consumer,Bangalore
CUST1302,2023-02-14,Consumer,Chennai
CUST1303,2023-07-28,Corporate,Delhi
CUST1304,2022-05-12,Consumer,Mumbai
CUST1305,2023-08-24,Corporate,Chennai
CUST1306,2024-01-19,Corporate,Delhi
CUST1307,2022-02-11,Consumer,Bangalore
CUST1308,2022-03-30,Consumer,Bangalore
CUST1309,2023-02-06,Consumer,Chennai
CUST1310,2022-10-23,Consumer,Bangalore
CUST1311,2024-04-19,Corporate,Kolkata
CUST1312,2022-10-22,Consumer,Chennai
CUST1313,2023-09-08,Consumer,Delhi
CUST1314,2023-06-10,Consumer,Chennai
CUST1315,2024-03-10,Corporate,Mumbai
CUST1316,2023-11-22,Consumer,Chennai
CUST1317,2023-09-29,Corporate,Bangalore
CUST1318,2023-02-26,Consumer,Bangalore
CUST1319,2024-05-14,Corporate,Kolkata
CUST1320,2022-01-23,Corporate,Kolkata
CUST1321,2023-07-29,Consumer,Kolkata
CUST1322,2022-05-23,Consumer,Delhi
CUST1323,2023-10-27,Corporate,Kolkata
CUST1324,2022-05-25,Consumer,Delhi
CUST1325,2022-08-13,Corporate,Kolkata
CUST1326,2023-05-18,Consumer,Delhi
CUST1327,2024-03-31,Corporate,Chennai
CUST1328,2023-09-08,Corporate,Chennai
CUST1329,2022-04-14,Corporate,Bangalore
CUST1330,2022-02-08,Consumer,Delhi
CUST1331,2022-07-17,Consumer,Mumbai
CUST1332,2023-10-08,Consumer,Bangalore
CUST1333,2023-08-02,Consumer,Chennai
CUST1334,2023-01-26,Consumer,Delhi
CUST1335,2022-06-28,Consumer,Kolkata
CUST1336,2023-07-08,Corporate,Mumbai
CUST1337,2023-03-24,Consumer,Chennai
CUST1338,2023-05-15,Consumer,Bangalore
CUST1339,2022-01-15,Consumer,Delhi
CUST1340,2023-09-15,Consumer,Mumbai
CUST1341,2023-10-31,Consumer,Delhi
CUST1342,2022-10-16,Corporate,Kolkata
CUST1343,2023-04-23,Corporate,Bangalore
CUST1344,2022-08-19,Consumer,Delhi
CUST1345,2023-02-24,Consumer,Chennai
CUST1346,2022-06-06,Corporate,Bangalore
CUST1347,2023-07-04,Consumer,Chennai
CUST1348,2023-03-17,Consumer,Delhi
CUST1349,2022-04-07,Consumer,Bangalore
CUST1350,2023-02-15,Consumer,Chennai
CUST1351,2022-10-16,Consumer,Kolkata
CUST1352,2022-09-11,Consumer,Kolkata
CUST1353,2022-07-15,Consumer,Delhi
CUST1354,2023-08-21,Corporate,Bangalore
CUST1355,2024-04-13,Consumer,Mumbai
CUST1356,2023-06-06,Corporate,Bangalore
CUST1357,2023-06-01,Corporate,Kolkata
CUST1358,2023-09-27,Consumer,Chennai
CUST1359,2024-04-21,Consumer,Mumbai
CUST1360,2024-05-14,Consumer,Delhi
CUST1361,2022-04-28,Consumer,Mumbai
CUST1362,2024-03-16,Corporate,Delhi
CUST1363,2022-06-08,Consumer,Mumbai
CUST1364,2024-03-25,Corporate,Delhi
CUST1365,2022-08-16,Consumer,Delhi
CUST1366,2024-05-26,Consumer,Mumbai
CUST1367,2022-08-04,Consumer,Mumbai
CUST1368,2023-11-27,Consumer,Delhi
CUST1369,2022-01-15,Consumer,Kolkata
CUST1370,2022-06-06,Consumer,Mumbai
CUST1371,2023-10-10,Consumer,Bangalore
CUST1372,2022-09-18,Consumer,Chennai
CUST1373,2022-06-06,Corporate,Delhi
CUST1374,2022-02-16,Consumer,Delhi
CUST1375,2022-11-20,Corporate,Chennai
CUST1376,2024-04-23,Corporate,Kolkata
CUST1377,2023-11-16,Corporate,Chennai
CUST1378,2022-05-10,Consumer,Mumbai
CUST1379,2023-02-15,Corporate,Chennai
CUST1380,2022-04-05,Consumer,Delhi
CUST1381,2023-09-19,Consumer,Chennai
CUST1382,2024-01-25,Consumer,Bangalore
CUST1383,2022-10-19,Corporate,Mumbai
CUST1384,2024-03-04,Consumer,Chennai
CUST1385,2024-03-21,Corporate,Delhi
CUST1386,2022-10-10,Consumer,Mumbai
CUST1387,2022-03-10,Corporate,Delhi
CUST1388,2023-10-22,Corporate,Kolkata
CUST1389,2022-01-11,Consumer,Bangalore
CUST1390,2022-09-11,Corporate,Kolkata
CUST1391,2024-04-21,Consumer,Bangalore
CUST1392,2024-05-21,Consumer,Chennai
CUST1393,2023-07-04,Consumer,Mumbai
CUST1394,2022-05-14,Consumer,Chennai
CUST1395,2023-12-13,Consumer,Bangalore
CUST1396,2022-01-23,Consumer,Bangalore
CUST1397,2024-03-25,Consumer,Bangalore
CUST1398,2022-12-12,Corporate,Delhi
CUST1399,2022-10-29,Corporate,Mumbai
CUST1400,2022-12-29,Corporate,Chennai
CUST1401,2023-01-31,Corporate,Chennai
CUST1402,2022-08-06,Corporate,Kolkata
CUST1403,2022-05-21,Consumer,Bangalore
CUST1404,2023-09-08,Consumer,Bangalore
CUST1405,2022-07-29,Corporate,Bangalore
CUST1406,2023-09-15,Consumer,Chennai
CUST1407,2023-09-08,Consumer,Kolkata
CUST1408,2024-04-07,Consumer,Delhi
CUST1409,2023-11-14,Consumer,Mumbai
CUST1410,2023-04-05,Consumer,Delhi
CUST1411,2022-12-22,Consumer,Chennai
CUST1412,2022-11-20,Consumer,Bangalore
CUST1413,2022-05-13,Consumer,Mumbai
CUST1414,2024-06-06,Consumer,Chennai
CUST1415,2024-03-15,Consumer,Chennai
CUST1416,2024-04-19,Corporate,Chennai
CUST1417,2022-05-07,Consumer,Mumbai
CUST1418,2022-04-16,Consumer,Mumbai
CUST1419,2023-08-27,Corporate,Kolkata
CUST1420,2024-03-09,Consumer,Kolkata
CUST1421,2023-01-13,Consumer,Delhi
CUST1422,2022-02-20,Consumer,Mumbai
CUST1423,2022-01-29,Corporate,Mumbai
CUST1424,2023-04-07,Consumer,Mumbai
CUST1425,2022-10-23,Consumer,Kolkata
CUST1426,2022-10-24,Corporate,Chennai
CUST1427,2023-12-27,Consumer,Bangalore
CUST1428,2024-02-18,Consumer,Kolkata
CUST1429,2023-02-11,Consumer,Mumbai
CUST1430,2024-02-08,Consumer,Kolkata
CUST1431,2024-03-24,Consumer,Delhi
CUST1432,2023-09-05,Consumer,Mumbai
CUST1433,2023-02-09,Corporate,Delhi
CUST1434,2022-12-12,Consumer,Mumbai
CUST1435,2023-09-14,Consumer,Kolkata
CUST1436,2023-02-24,Consumer,Chennai
CUST1437,2022-07-01,Consumer,Bangalore
CUST1438,2024-04-04,Consumer,Delhi
CUST1439,2022-01-01,Corporate,Kolkata
CUST1440,2024-04-10,Consumer,Chennai
CUST1441,2023-07-21,Corporate,Kolkata
CUST1442,2023-01-06,Corporate,Delhi
CUST1443,2023-10-23,Consumer,Bangalore
CUST1444,2023-03-07,Corporate,Kolkata
CUST1445,2022-11-05,Consumer,Mumbai
CUST1446,2022-05-17,Consumer,Chennai
CUST1447,2022-07-21,Consumer,Kolkata
CUST1448,2023-03-12,Consumer,Chennai
CUST1449,2022-11-09,Consumer,Mumbai
CUST1450,2022-04-27,Consumer,Bangalore
CUST1451,2023-10-28,Consumer,Bangalore
CUST1452,2024-03-13,Consumer,Mumbai
CUST1453,2023-07-29,Consumer,Chennai
CUST1454,2022-09-01,Corporate,Kolkata
CUST1455,2023-06-21,Corporate,Mumbai
CUST1456,2023-08-25,Consumer,Delhi
CUST1457,2022-03-16,Consumer,Chennai
CUST1458,2024-03-16,Corporate,Bangalore
CUST1459,2023-01-21,Corporate,Mumbai
CUST1460,2022-07-29,Corporate,Bangalore
CUST1461,2023-04-20,Consumer,Chennai
CUST1462,2023-02-22,Consumer,Bangalore
CUST1463,2022-12-13,Consumer,Mumbai
CUST1464,2023-06-13,Consumer,Chennai
CUST1465,2023-10-02,Corporate,Delhi
CUST1466,2024-05-25,Corporate,Mumbai
CUST1467,2024-02-02,Consumer,Kolkata
CUST1468,2022-06-28,Corporate,Mumbai
CUST1469,2022-07-01,Consumer,Chennai
CUST1470,2023-10-26,Consumer,Mumbai
CUST1471,2022-01-25,Consumer,Delhi
CUST1472,2022-06-29,Corporate,Delhi
CUST1473,2023-12-11,Consumer,Kolkata
CUST1474,2023-05-16,Corporate,Bangalore
CUST1475,2024-05-05,Corporate,Chennai
CUST1476,2022-06-10,Consumer,Chennai
CUST1477,2022-06-26,Consumer,Bangalore
CUST1478,2022-10-12,Corporate,Delhi
CUST1479,2022-03-04,Consumer,Delhi
CUST1480,2023-10-24,Corporate,Mumbai
CUST1481,2023-10-28,Corporate,Kolkata
CUST1482,2022-06-05,Consumer,Kolkata
CUST1483,2024-05-31,Consumer,Kolkata
CUST1484,2023-04-14,Corporate,Mumbai
CUST1485,2022-02-18,Consumer,Kolkata
CUST1486,2024-04-28,Consumer,Bangalore
CUST1487,2022-03-25,Consumer,Mumbai
CUST1488,2022-12-27,Consumer,Bangalore
CUST1489,2023-11-20,Corporate,Mumbai
CUST1490,2022-05-28,Corporate,Kolkata
CUST1491,2023-09-22,Consumer,Bangalore
CUST1492,2022-12-08,Consumer,Bangalore
CUST1493,2023-04-21,Consumer,Bangalore
CUST1494,2022-03-04,Corporate,Mumbai
CUST1495,2023-12-02,Consumer,Chennai
CUST1496,2022-12-26,Consumer,Kolkata
CUST1497,2023-07-15,Consumer,Bangalore
CUST1498,2022-11-23,Consumer,Chennai
CUST1499,2024-02-08,Corporate,Kolkata
CUST1500,2024-01-06,Consumer,Kolkata
CUST1501,2022-05-21,Consumer,Bangalore
CUST1502,2022-08-03,Consumer,Bangalore
CUST1503,2023-03-11,Corporate,Mumbai
CUST1504,2024-06-09,Consumer,Chennai
CUST1505,2023-12-24,Consumer,Chennai
CUST1506,2022-11-14,Consumer,Bangalore
CUST1507,2022-02-01,Corporate,Kolkata
CUST1508,2023-11-01,Consumer,Bangalore
CUST1509,2022-10-12,Consumer,Kolkata
CUST1510,2022-11-01,Consumer,Kolkata
CUST1511,2023-03-05,Corporate,Bangalore
CUST1512,2023-04-22,Consumer,Delhi
CUST1513,2022-10-13,Corporate,Chennai
CUST1514,2022-05-24,Consumer,Kolkata
CUST1515,2023-02-28,Consumer,Kolkata
CUST1516,2022-01-19,Consumer,Delhi
CUST1517,2022-01-18,Corporate,Mumbai
CUST1518,2024-02-08,Consumer,Delhi
CUST1519,2023-08-13,Corporate,Delhi
CUST1520,2023-01-06,Corporate,Kolkata
CUST1521,2022-06-24,Consumer,Chennai
CUST1522,2022-07-13,Corporate,Delhi
CUST1523,2023-05-17,Corporate,Mumbai
CUST1524,2022-04-23,Consumer,Bangalore
CUST1525,2022-04-24,Consumer,Delhi
CUST1526,2022-08-10,Corporate,Delhi
CUST1527,2023-11-09,Consumer,Mumbai
CUST1528,2024-04-10,Corporate,Chennai
CUST1529,2023-10-06,Corporate,Delhi
CUST1530,2024-06-15,Consumer,Delhi
CUST1531,2022-09-21,Consumer,Chennai
CUST1532,2022-02-24,Consumer,Mumbai
CUST1533,2024-05-20,Consumer,Delhi
CUST1534,2023-10-05,Consumer,Chennai
CUST1535,2024-03-10,Consumer,Delhi
CUST1536,2024-02-17,Consumer,Bangalore
CUST1537,2023-04-03,Corporate,Kolkata
CUST1538,2024-05-27,Corporate,Bangalore
CUST1539,2022-06-11,Consumer,Delhi
CUST1540,2023-01-15,Consumer,Mumbai
CUST1541,2022-03-28,Consumer,Kolkata
CUST1542,2022-02-24,Consumer,Bangalore
CUST1543,2023-04-21,Corporate,Chennai
CUST1544,2024-03-10,Corporate,Mumbai
CUST1545,2022-06-27,Corporate,Bangalore
CUST1546,2023-01-26,Corporate,Chennai
CUST1547,2022-12-15,Consumer,Delhi
CUST1548,2022-01-08,Corporate,Chennai
CUST1549,2024-04-12,Consumer,Bangalore
CUST1550,2022-11-09,Corporate,Bangalore
CUST1551,2024-01-29,Consumer,Delhi
CUST1552,2024-04-14,Corporate,Chennai
CUST1553,2023-03-19,Corporate,Chennai
CUST1554,2024-02-06,Consumer,Delhi
CUST1555,2022-11-24,Consumer,Chennai
CUST1556,2022-02-23,Corporate,Delhi
CUST1557,2024-01-31,Consumer,Mumbai
CUST1558,2022-08-27,Consumer,Bangalore
CUST1559,2022-08-17,Consumer,Mumbai
CUST1560,2023-08-02,Consumer,Kolkata
CUST1561,2022-02-20,Corporate,Kolkata
CUST1562,2023-09-01,Consumer,Kolkata
CUST1563,2023-08-27,Consumer,Delhi
CUST1564,2022-09-21,Consumer,Chennai
CUST1565,2023-02-22,Consumer,Mumbai
CUST1566,2024-03-13,Consumer,Mumbai
CUST1567,2022-04-06,Consumer,Mumbai
CUST1568,2022-03-29,Consumer,Mumbai
CUST1569,2022-03-19,Consumer,Kolkata
CUST1570,2022-10-15,Corporate,Mumbai
CUST1571,2022-04-30,Consumer,Chennai
CUST1572,2024-03-24,Consumer,Kolkata
CUST1573,2023-05-06,Consumer,Mumbai
CUST1574,2023-03-28,Consumer,Delhi
CUST1575,2023-05-15,Consumer,Bangalore
CUST1576,2022-06-14,Consumer,Bangalore
CUST1577,2022-07-01,Corporate,Bangalore
CUST1578,2023-04-14,Consumer,Kolkata
CUST1579,2024-01-05,Consumer,Mumbai
CUST1580,2024-04-02,Corporate,Kolkata
CUST1581,2022-01-07,Consumer,Chennai
CUST1582,2022-11-26,Consumer,Delhi
CUST1583,2024-02-14,Consumer,Delhi
CUST1584,2023-11-04,Consumer,Bangalore
CUST1585,2022-05-31,Corporate,Bangalore
CUST1586,2022-03-26,Corporate,Bangalore
CUST1587,2022-05-27,Corporate,Mumbai
CUST1588,2023-09-16,Consumer,Chennai
CUST1589,2023-01-16,Consumer,Chennai
CUST1590,2023-07-02,Consumer,Chennai
CUST1591,2022-10-12,Consumer,Chennai
CUST1592,2023-12-01,Consumer,Bangalore
CUST1593,2022-03-23,Corporate,Delhi
CUST1594,2023-05-29,Consumer,Bangalore
CUST1595,2024-06-15,Consumer,Chennai
CUST1596,2024-03-25,Consumer,Bangalore
CUST1597,2023-12-10,Consumer,Chennai
CUST1598,2023-06-07,Consumer,Kolkata
CUST1599,2024-01-16,Corporate,Delhi
CUST1600,2023-01-21,Consumer,Kolkata
CUST1601,2023-12-08,Corporate,Mumbai
CUST1602,2023-04-16,Consumer,Bangalore
CUST1603,2022-04-29,Corporate,Mumbai
CUST1604,2023-01-31,Corporate,Bangalore
CUST1605,2023-06-16,Consumer,Kolkata
CUST1606,2022-09-18,Consumer,Chennai
CUST1607,2024-03-15,Corporate,Chennai
CUST1608,2022-09-13,Consumer,Bangalore
CUST1609,2024-01-04,Corporate,Chennai
CUST1610,2022-08-14,Consumer,Kolkata
CUST1611,2022-02-22,Consumer,Chennai
CUST1612,2024-05-16,Corporate,Kolkata
CUST1613,2023-05-15,Corporate,Mumbai
CUST1614,2023-05-21,Consumer,Kolkata
CUST1615,2024-05-03,Corporate,Delhi
CUST1616,2022-12-30,Consumer,Delhi
CUST1617,2022-10-07,Consumer,Delhi
CUST1618,2023-08-16,Consumer,Bangalore
CUST1619,2023-12-15,Consumer,Bangalore
CUST1620,2022-06-07,Corporate,Bangalore
CUST1621,2023-09-24,Consumer,Kolkata
CUST1622,2022-02-28,Consumer,Bangalore
CUST1623,2023-12-28,Consumer,Mumbai
CUST1624,2022-05-08,Consumer,Delhi
CUST1625,2024-01-06,Consumer,Kolkata
CUST1626,2023-12-22,Corporate,Delhi
CUST1627,2024-05-31,Consumer,Bangalore
CUST1628,2022-04-25,Corporate,Kolkata
CUST1629,2022-07-28,Corporate,Chennai
CUST1630,2023-06-10,Consumer,Mumbai
CUST1631,2023-06-05,Corporate,Bangalore
CUST1632,2023-07-06,Corporate,Bangalore
CUST1633,2022-08-25,Consumer,Mumbai
CUST1634,2022-10-08,Consumer,Mumbai
CUST1635,2022-12-25,Consumer,Chennai
CUST1636,2022-07-20,Consumer,Bangalore
CUST1637,2024-01-28,Corporate,Bangalore
CUST1638,2022-10-05,Consumer,Delhi
CUST1639,2022-08-23,Corporate,Kolkata
CUST1640,2023-05-09,Consumer,Kolkata
CUST1641,2022-01-04,Consumer,Delhi
CUST1642,2023-10-28,Corporate,Kolkata
CUST1643,2023-03-18,Consumer,Mumbai
CUST1644,2022-01-29,Consumer,Kolkata
CUST1645,2022-04-19,Consumer,Kolkata
CUST1646,2023-09-02,Consumer,Delhi
CUST1647,2023-12-28,Consumer,Chennai
CUST1648,2024-03-15,Consumer,Kolkata
CUST1649,2022-03-16,Consumer,Kolkata
CUST1650,2024-04-17,Corporate,Chennai
CUST1651,2022-05-26,Consumer,Delhi
CUST1652,2022-05-08,Consumer,Chennai
CUST1653,2024-05-02,Consumer,Delhi
CUST1654,2022-02-11,Corporate,Mumbai
CUST1655,2022-12-22,Consumer,Delhi
CUST1656,2022-02-10,Consumer,Mumbai
CUST1657,2022-02-03,Consumer,Mumbai
CUST1658,2022-01-17,Consumer,Delhi
CUST1659,2023-11-08,Corporate,Bangalore
CUST1660,2022-06-02,Corporate,Delhi
CUST1661,2023-01-13,Consumer,Kolkata
CUST1662,2023-08-11,Consumer,Kolkata
CUST1663,2023-08-22,Consumer,Bangalore
CUST1664,2023-09-21,Corporate,Mumbai
CUST1665,2024-05-23,Corporate,Bangalore
CUST1666,2022-12-08,Consumer,Kolkata
CUST1667,2022-01-27,Corporate,Bangalore
CUST1668,2024-04-04,Corporate,Delhi
CUST1669,2022-10-14,Consumer,Bangalore
CUST1670,2023-10-08,Consumer,Mumbai
CUST1671,2024-01-01,Consumer,Delhi
CUST1672,2022-06-17,Corporate,Chennai
CUST1673,2023-09-02,Corporate,Kolkata
CUST1674,2022-09-25,Corporate,Kolkata
CUST1675,2024-01-19,Corporate,Bangalore
CUST1676,2024-03-31,Consumer,Delhi
CUST1677,2023-03-31,Corporate,Chennai
CUST1678,2023-11-16,Corporate,Delhi
CUST1679,2023-02-05,Consumer,Kolkata
CUST1680,2023-04-21,Consumer,Delhi
CUST1681,2023-12-03,Corporate,Chennai
CUST1682,2023-09-26,Consumer,Bangalore
CUST1683,2023-07-12,Corporate,Mumbai
CUST1684,2023-07-30,Consumer,Delhi
CUST1685,2022-05-10,Consumer,Mumbai
CUST1686,2024-04-01,Corporate,Kolkata
CUST1687,2022-12-29,Consumer,Bangalore
CUST1688,2023-12-06,Consumer,Bangalore
CUST1689,2024-03-29,Consumer,Delhi
CUST1690,2023-11-24,Corporate,Bangalore
CUST1691,2022-10-19,Consumer,Delhi
CUST1692,2023-01-06,Corporate,Delhi
CUST1693,2024-03-04,Consumer,Mumbai
CUST1694,2022-01-29,Corporate,Bangalore
CUST1695,2022-05-29,Corporate,Delhi
CUST1696,2024-02-18,Consumer,Mumbai
CUST1697,2022-10-23,Consumer,Chennai
CUST1698,2022-01-11,Consumer,Mumbai
CUST1699,2023-05-27,Consumer,Mumbai
CUST1700,2023-11-07,Consumer,Delhi
CUST1701,2022-04-23,Consumer,Kolkata
CUST1702,2022-07-06,Consumer,Kolkata
CUST1703,2024-03-17,Consumer,Kolkata
CUST1704,2024-01-14,Consumer,Mumbai
CUST1705,2022-08-15,Consumer,Delhi
CUST1706,2022-11-06,Corporate,Bangalore
CUST1707,2022-04-08,Consumer,Mumbai
CUST1708,2022-02-24,Consumer,Mumbai
CUST1709,2023-09-15,Consumer,Delhi
CUST1710,2023-10-26,Corporate,Chennai
CUST1711,2024-01-28,Corporate,Mumbai
CUST1712,2023-02-10,Corporate,Chennai
CUST1713,2022-03-10,Corporate,Chennai
CUST1714,2022-11-08,Consumer,Kolkata
CUST1715,2022-10-16,Corporate,Delhi
CUST1716,2024-02-01,Corporate,Chennai
CUST1717,2023-07-02,Consumer,Delhi
CUST1718,2024-01-21,Corporate,Kolkata
CUST1719,2022-05-28,Consumer,Delhi
CUST1720,2023-04-12,Consumer,Mumbai
CUST1721,2024-01-09,Consumer,Chennai
CUST1722,2022-09-01,Consumer,Delhi
CUST1723,2023-05-06,Corporate,Bangalore
CUST1724,2024-04-28,Consumer,Delhi
CUST1725,2023-05-22,Consumer,Chennai
CUST1726,2022-12-31,Consumer,Kolkata
CUST1727,2023-04-27,Corporate,Kolkata
CUST1728,2022-07-20,Consumer,Chennai
CUST1729,2022-06-03,Consumer,Mumbai
CUST1730,2023-03-26,Corporate,Mumbai
CUST1731,2023-05-16,Corporate,Kolkata
CUST1732,2022-03-14,Consumer,Kolkata
CUST1733,2023-12-14,Corporate,Chennai
CUST1734,2022-10-23,Corporate,Mumbai
CUST1735,2022-01-17,Corporate,Kolkata
CUST1736,2023-10-03,Consumer,Mumbai
CUST1737,2022-08-05,Consumer,Kolkata
CUST1738,2022-03-02,Consumer,Delhi
CUST1739,2023-09-08,Consumer,Bangalore
CUST1740,2022-02-11,Consumer,Delhi
CUST1741,2022-01-25,Consumer,Kolkata
CUST1742,2022-02-08,Consumer,Bangalore
CUST1743,2024-03-13,Consumer,Bangalore
CUST1744,2022-05-11,Consumer,Kolkata
CUST1745,2023-05-13,Corporate,Kolkata
CUST1746,2022-08-17,Consumer,Mumbai
CUST1747,2022-04-18,Consumer,Kolkata
CUST1748,2022-06-21,Corporate,Chennai
CUST1749,2023-03-11,Consumer,Kolkata
CUST1750,2023-04-23,Corporate,Chennai
CUST1751,2022-04-12,Corporate,Kolkata
CUST1752,2024-05-15,Consumer,Mumbai
CUST1753,2023-06-08,Corporate,Chennai
CUST1754,2022-10-02,Consumer,Delhi
CUST1755,2023-09-05,Consumer,Chennai
CUST1756,2022-02-13,Consumer,Mumbai
CUST1757,2024-03-27,Consumer,Chennai
CUST1758,2022-01-17,Corporate,Kolkata
CUST1759,2022-11-26,Consumer,Kolkata
CUST1760,2023-07-23,Consumer,Mumbai
CUST1761,2024-04-02,Consumer,Bangalore
CUST1762,2023-05-12,Consumer,Kolkata
CUST1763,2024-03-25,Consumer,Delhi
CUST1764,2022-01-12,Consumer,Mumbai
CUST1765,2022-11-14,Corporate,Chennai
CUST1766,2023-08-15,Consumer,Chennai
CUST1767,2022-08-04,Consumer,Delhi
CUST1768,2022-12-05,Consumer,Kolkata
CUST1769,2024-02-15,Consumer,Mumbai
CUST1770,2023-10-23,Corporate,Delhi
CUST1771,2022-03-22,Consumer,Kolkata
CUST1772,2023-12-28,Consumer,Mumbai
CUST1773,2023-04-30,Consumer,Chennai
CUST1774,2023-01-09,Corporate,Mumbai
CUST1775,2023-12-11,Consumer,Bangalore
CUST1776,2022-07-19,Consumer,Mumbai
CUST1777,2023-06-21,Corporate,Bangalore
CUST1778,2023-04-11,Consumer,Mumbai
CUST1779,2022-03-30,Corporate,Bangalore
CUST1780,2022-09-25,Corporate,Chennai
CUST1781,2023-10-17,Consumer,Kolkata
CUST1782,2023-07-25,Consumer,Bangalore
CUST1783,2023-05-04,Consumer,Bangalore
CUST1784,2024-05-26,Consumer,Chennai
CUST1785,2023-06-22,Corporate,Bangalore
CUST1786,2022-02-16,Consumer,Delhi
CUST1787,2022-10-15,Consumer,Chennai
CUST1788,2024-02-17,Corporate,Delhi
CUST1789,2022-01-16,Consumer,Chennai
CUST1790,2023-12-12,Consumer,Bangalore
CUST1791,2023-02-05,Consumer,Delhi
CUST1792,2024-03-04,Consumer,Bangalore
CUST1793,2022-03-27,Corporate,Chennai
CUST1794,2022-09-07,Consumer,Bangalore
CUST1795,2023-01-26,Consumer,Delhi
CUST1796,2024-02-21,Consumer,Delhi
CUST1797,2022-12-01,Consumer,Bangalore
CUST1798,2023-09-21,Consumer,Mumbai
CUST1799,2023-06-03,Consumer,Chennai
CUST1800,2022-05-17,Consumer,Chennai
CUST1801,2024-06-01,Corporate,Bangalore
CUST1802,2023-11-19,Consumer,Mumbai
CUST1803,2024-04-19,Consumer,Delhi
CUST1804,2023-05-13,Consumer,Kolkata
CUST1805,2024-04-06,Corporate,Kolkata
CUST1806,2023-12-28,Corporate,Bangalore
CUST1807,2023-04-22,Consumer,Mumbai
CUST1808,2023-08-17,Corporate,Mumbai
CUST1809,2022-08-11,Consumer,Chennai
CUST1810,2023-01-07,Consumer,Delhi
CUST1811,2023-02-06,Consumer,Mumbai
CUST1812,2023-03-19,Consumer,Kolkata
CUST1813,2023-05-05,Corporate,Delhi
CUST1814,2023-09-07,Consumer,Delhi
CUST1815,2022-09-30,Consumer,Bangalore
CUST1816,2023-06-10,Corporate,Mumbai
CUST1817,2022-06-08,Consumer,Bangalore
CUST1818,2022-06-01,Consumer,Mumbai
CUST1819,2023-09-12,Consumer,Chennai
CUST1820,2022-07-07,Consumer,Bangalore
CUST1821,2024-03-23,Consumer,Bangalore
CUST1822,2022-04-08,Consumer,Kolkata
CUST1823,2022-05-11,Consumer,Bangalore
CUST1824,2024-03-15,Consumer,Mumbai
CUST1825,2022-06-20,Corporate,Kolkata
CUST1826,2022-07-02,Consumer,Bangalore
CUST1827,2022-12-30,Consumer,Bangalore
CUST1828,2022-02-08,Consumer,Chennai
CUST1829,2023-06-11,Consumer,Bangalore
CUST1830,2024-06-06,Consumer,Delhi
CUST1831,2023-05-12,Consumer,Kolkata
CUST1832,2023-05-31,Consumer,Delhi
CUST1833,2022-12-15,Corporate,Kolkata
CUST1834,2023-02-01,Consumer,Chennai
CUST1835,2023-12-23,Corporate,Bangalore
CUST1836,2022-06-10,Consumer,Bangalore
CUST1837,2022-01-16,Corporate,Bangalore
CUST1838,2023-05-08,Consumer,Kolkata
CUST1839,2023-03-02,Corporate,Bangalore
CUST1840,2022-04-18,Consumer,Delhi
CUST1841,2024-06-12,Consumer,Bangalore
CUST1842,2023-03-26,Consumer,Chennai
CUST1843,2022-11-07,Corporate,Delhi
CUST1844,2024-01-09,Consumer,Bangalore
CUST1845,2022-06-19,Consumer,Bangalore
CUST1846,2023-06-30,Consumer,Mumbai
CUST1847,2023-02-18,Consumer,Kolkata
CUST1848,2022-09-08,Consumer,Delhi
CUST1849,2024-01-29,Consumer,Mumbai
CUST1850,2024-02-20,Corporate,Chennai
CUST1851,2022-05-21,Corporate,Kolkata
CUST1852,2022-10-01,Corporate,Delhi
CUST1853,2023-02-20,Consumer,Bangalore
CUST1854,2023-08-31,Corporate,Delhi
CUST1855,2024-01-09,Corporate,Bangalore
CUST1856,2024-06-09,Consumer,Kolkata
CUST1857,2022-02-08,Consumer,Bangalore
CUST1858,2024-03-24,Consumer,Chennai
CUST1859,2022-01-29,Corporate,Bangalore
CUST1860,2023-04-22,Consumer,Chennai
CUST1861,2022-11-14,Consumer,Kolkata
CUST1862,2022-09-02,Consumer,Kolkata
CUST1863,2024-01-18,Corporate,Delhi
CUST1864,2023-11-28,Corporate,Chennai
CUST1865,2022-09-29,Corporate,Chennai
CUST1866,2023-03-16,Consumer,Mumbai
CUST1867,2024-01-18,Consumer,Mumbai
CUST1868,2022-08-27,Consumer,Mumbai
CUST1869,2023-01-12,Consumer,Bangalore
CUST1870,2022-09-23,Consumer,Mumbai
CUST1871,2022-12-25,Consumer,Chennai
CUST1872,2022-12-06,Consumer,Bangalore
CUST1873,2023-01-24,Consumer,Kolkata
CUST1874,2023-07-31,Corporate,Delhi
CUST1875,2023-11-20,Consumer,Mumbai
CUST1876,2022-01-03,Corporate,Kolkata
CUST1877,2023-03-05,Consumer,Chennai
CUST1878,2022-05-22,Consumer,Delhi
CUST1879,2023-01-11,Consumer,Kolkata
CUST1880,2023-11-01,Consumer,Delhi
CUST1881,2022-11-20,Consumer,Mumbai
CUST1882,2022-05-26,Consumer,Chennai
CUST1883,2022-10-20,Consumer,Delhi
CUST1884,2023-10-27,Consumer,Kolkata
CUST1885,2023-03-08,Consumer,Mumbai
CUST1886,2023-12-06,Corporate,Mumbai
CUST1887,2023-08-08,Corporate,Kolkata
CUST1888,2023-02-03,Corporate,Kolkata
CUST1889,2024-03-27,Consumer,Delhi
CUST1890,2024-06-07,Corporate,Bangalore
CUST1891,2022-12-10,Corporate,Mumbai
CUST1892,2022-05-20,Consumer,Delhi
CUST1893,2022-07-06,Corporate,Kolkata
CUST1894,2024-03-15,Consumer,Delhi
CUST1895,2022-03-02,Corporate,Kolkata
CUST1896,2023-01-15,Corporate,Chennai
CUST1897,2023-12-11,Consumer,Kolkata
CUST1898,2024-03-17,Consumer,Kolkata
CUST1899,2023-03-16,Corporate,Kolkata
CUST1900,2022-11-15,Consumer,Bangalore
CUST1901,2022-10-29,Consumer,Kolkata
CUST1902,2022-12-10,Corporate,Mumbai
CUST1903,2022-01-11,Consumer,Mumbai
CUST1904,2022-03-03,Consumer,Delhi
CUST1905,2024-04-24,Consumer,Bangalore
CUST1906,2022-08-14,Consumer,Delhi
CUST1907,2022-06-02,Consumer,Mumbai
CUST1908,2023-12-12,Consumer,Mumbai
CUST1909,2023-07-18,Consumer,Chennai
CUST1910,2024-02-11,Consumer,Kolkata
CUST1911,2023-07-25,Corporate,Mumbai
CUST1912,2023-08-07,Consumer,Delhi
CUST1913,2023-10-22,Consumer,Delhi
CUST1914,2024-05-10,Consumer,Kolkata
CUST1915,2023-07-29,Consumer,Kolkata
CUST1916,2022-11-06,Consumer,Chennai
CUST1917,2024-06-03,Consumer,Bangalore
CUST1918,2022-08-31,Corporate,Delhi
CUST1919,2023-05-08,Consumer,Kolkata
CUST1920,2023-01-01,Consumer,Delhi
CUST1921,2022-11-26,Consumer,Kolkata
CUST1922,2022-04-17,Consumer,Mumbai
CUST1923,2022-08-14,Consumer,Delhi
CUST1924,2024-04-04,Consumer,Mumbai
CUST1925,2022-08-06,Consumer,Delhi
CUST1926,2024-01-23,Corporate,Bangalore
CUST1927,2023-05-21,Consumer,Chennai
CUST1928,2022-09-16,Consumer,Mumbai
CUST1929,2024-06-06,Consumer,Kolkata
CUST1930,2024-02-13,Consumer,Bangalore
CUST1931,2023-06-01,Consumer,Delhi
CUST1932,2024-02-12,Consumer,Mumbai
CUST1933,2022-02-23,Consumer,Delhi
CUST1934,2022-02-16,Consumer,Delhi
CUST1935,2023-12-28,Consumer,Delhi
CUST1936,2023-11-20,Consumer,Chennai
CUST1937,2023-06-05,Consumer,Chennai
CUST1938,2022-04-09,Consumer,Kolkata
CUST1939,2022-01-20,Consumer,Mumbai
CUST1940,2024-06-08,Corporate,Bangalore
CUST1941,2024-01-23,Consumer,Bangalore
CUST1942,2023-07-27,Corporate,Bangalore
CUST1943,2024-06-09,Consumer,Delhi
CUST1944,2023-05-05,Consumer,Chennai
CUST1945,2023-02-23,Consumer,Mumbai
CUST1946,2023-11-21,Consumer,Delhi
CUST1947,2024-04-29,Consumer,Chennai
CUST1948,2022-03-03,Corporate,Chennai
CUST1949,2022-05-25,Consumer,Mumbai
CUST1950,2022-08-04,Corporate,Mumbai
CUST1951,2022-01-03,Consumer,Mumbai
CUST1952,2022-06-09,Corporate,Delhi
CUST1953,2024-01-09,Consumer,Kolkata
CUST1954,2024-02-20,Corporate,Mumbai
CUST1955,2022-04-30,Consumer,Kolkata
CUST1956,2024-06-11,Consumer,Delhi
CUST1957,2022-03-30,Consumer,Kolkata
CUST1958,2022-11-25,Corporate,Bangalore
CUST1959,2023-08-03,Consumer,Kolkata
CUST1960,2022-12-23,Corporate,Mumbai
CUST1961,2023-09-02,Consumer,Delhi
CUST1962,2022-09-24,Corporate,Mumbai
CUST1963,2023-09-09,Corporate,Bangalore
CUST1964,2022-11-19,Corporate,Mumbai
CUST1965,2023-09-27,Consumer,Mumbai
CUST1966,2023-06-25,Consumer,Mumbai
CUST1967,2023-10-11,Corporate,Chennai
CUST1968,2022-07-14,Consumer,Bangalore
CUST1969,2024-01-08,Consumer,Mumbai
CUST1970,2022-11-28,Consumer,Mumbai
CUST1971,2022-06-19,Corporate,Mumbai
CUST1972,2023-06-05,Consumer,Delhi
CUST1973,2023-04-08,Consumer,Chennai
CUST1974,2022-02-09,Corporate,Delhi
CUST1975,2023-06-21,Consumer,Chennai
CUST1976,2022-09-18,Corporate,Mumbai
CUST1977,2023-01-30,Consumer,Bangalore
CUST1978,2022-08-14,Consumer,Kolkata
CUST1979,2022-05-04,Consumer,Kolkata
CUST1980,2022-02-07,Consumer,Mumbai
CUST1981,2022-11-24,Corporate,Delhi
CUST1982,2022-09-08,Consumer,Bangalore
CUST1983,2022-06-25,Consumer,Chennai
CUST1984,2023-08-25,Consumer,Mumbai
CUST1985,2023-03-30,Consumer,Bangalore
CUST1986,2022-02-06,Consumer,Bangalore
CUST1987,2022-11-12,Consumer,Chennai
CUST1988,2023-11-19,Consumer,Bangalore
CUST1989,2024-03-06,Corporate,Delhi
CUST1990,2023-08-16,Consumer,Delhi
CUST1991,2022-04-24,Consumer,Delhi
CUST1992,2022-02-09,Consumer,Bangalore
CUST1993,2022-10-28,Corporate,Delhi
CUST1994,2022-08-12,Consumer,Chennai
CUST1995,2022-11-14,Consumer,Bangalore
CUST1996,2022-12-15,Consumer,Kolkata
CUST1997,2022-04-25,Corporate,Bangalore
CUST1998,2023-11-29,Consumer,Chennai
CUST1999,2022-11-19,Corporate,Kolkata
CUST2000,2023-07-22,Consumer,Bangalore
